ArtikelNummer,ArtikelDatum,IngangsDatumPrijs,EindDatumPrijs,Prijs
100153,12/06/91,1995-12-29,1997-11-17,25.71
100153,12/06/91,1997-11-17,1999-10-14,33.14
100153,12/06/91,1999-10-14,2001-02-16,27.57
100153,12/06/91,2001-02-16,2001-03-30,25.86
100153,12/06/91,2001-03-30,2003-09-11,22.6
100153,12/06/91,2003-09-11,2004-01-01,33.12
100153,12/06/91,2004-01-01,2004-10-22,26.48
100153,12/06/91,2004-10-22,2005-04-01,32.25
100153,12/06/91,2005-04-01,2006-06-30,37.84
100153,12/06/91,2006-06-30,2007-09-20,33.17
100153,12/06/91,2007-09-20,2011-11-03,39.17
100153,12/06/91,2011-11-03,2012-06-15,37.95
100153,12/06/91,2012-06-15,2014-08-15,33.41
100153,12/06/91,2014-08-15,2015-10-01,44.36
100153,12/06/91,2015-10-01,2016-04-22,43.28
100153,12/06/91,2016-04-22,2018-10-05,33.38
100153,12/06/91,2018-10-05,2019-02-08,40.01
100153,12/06/91,2019-02-08,2020-01-01,36.55
100153,12/06/91,2020-01-01,2020-03-20,41.12
100153,12/06/91,2020-03-20,2020-07-10,47.8
100153,12/06/91,2020-07-10,2021-10-15,49.76
100153,12/06/91,2021-10-15,null,55.96
100188,12/06/91,1995-12-29,1997-11-17,27.6
100188,12/06/91,1997-11-17,1999-10-14,23.74
100188,12/06/91,1999-10-14,2001-02-16,20.83
100188,12/06/91,2001-02-16,2001-03-30,25.25
100188,12/06/91,2001-03-30,2003-09-11,29.87
100188,12/06/91,2003-09-11,2004-01-01,26.91
100188,12/06/91,2004-01-01,2004-10-22,30.17
100188,12/06/91,2004-10-22,2005-04-01,26.16
100188,12/06/91,2005-04-01,2006-06-30,32.75
100188,12/06/91,2006-06-30,2007-09-20,28.32
100188,12/06/91,2007-09-20,2011-09-08,34.83
100188,12/06/91,2011-09-08,2011-11-03,51.61
100188,12/06/91,2011-11-03,2012-06-15,42.01
100188,12/06/91,2012-06-15,2014-08-15,35.22
100188,12/06/91,2014-08-15,2015-10-01,40.05
100188,12/06/91,2015-10-01,2016-04-22,46.32
100188,12/06/91,2016-04-22,2018-10-05,37.97
100188,12/06/91,2018-10-05,2019-02-08,38.07
100188,12/06/91,2019-02-08,2020-01-01,42.77
100188,12/06/91,2020-01-01,2020-03-20,41.2
100188,12/06/91,2020-03-20,2020-07-10,40.59
100188,12/06/91,2020-07-10,2021-10-15,38.44
100188,12/06/91,2021-10-15,null,39.1
100196,12/06/91,1995-12-29,1997-11-17,37.49
100196,12/06/91,1997-11-17,2001-02-16,37.21
100196,12/06/91,2001-02-16,2001-03-30,37.84
100196,12/06/91,2001-03-30,2002-08-30,31.34
100196,12/06/91,2002-08-30,2003-09-11,37.51
100196,12/06/91,2003-09-11,2004-01-01,40.17
100196,12/06/91,2004-01-01,2004-10-22,32.16
100196,12/06/91,2004-10-22,2005-04-01,37.31
100196,12/06/91,2005-04-01,2006-06-02,40.79
100196,12/06/91,2006-06-02,2007-09-20,47.22
100196,12/06/91,2007-09-20,2015-02-16,55.61
100196,12/06/91,2015-02-16,2015-10-01,36.59
100196,12/06/91,2015-10-01,2016-04-22,40.43
100196,12/06/91,2016-04-22,2018-10-05,33.55
100196,12/06/91,2018-10-05,2020-01-01,48.69
100196,12/06/91,2020-01-01,2020-03-20,36.92
100196,12/06/91,2020-03-20,2020-07-10,40.03
100196,12/06/91,2020-07-10,2021-10-15,48.99
100196,12/06/91,2021-10-15,null,48.79
100536,12/02/16,2019-02-12,2022-01-21,7.54
100536,12/02/16,2022-01-21,2022-11-25,8.44
100536,12/02/16,2022-11-25,null,6.79
101303,11/02/16,2019-02-11,2022-01-21,8.23
101303,11/02/16,2022-01-21,2022-11-25,11.07
101303,11/02/16,2022-11-25,null,10.86
102598,17/02/17,2020-02-17,2020-11-27,7.53
102598,17/02/17,2020-11-27,2022-01-14,10.0
102598,17/02/17,2022-01-14,2023-11-23,8.73
102598,17/02/17,2023-11-23,2024-03-08,8.33
102598,17/02/17,2024-03-08,2025-01-10,12.7
102598,17/02/17,2025-01-10,null,11.31
108308,31/07/15,2018-07-31,2019-01-11,41.28
108308,31/07/15,2019-01-11,2020-01-01,47.34
108308,31/07/15,2020-01-01,2020-03-20,53.8
108308,31/07/15,2020-03-20,2021-01-08,52.27
108308,31/07/15,2021-01-08,2026-01-09,59.3
108308,31/07/15,2026-01-09,null,52.98
108316,31/07/15,2018-07-31,2020-01-01,42.5
108316,31/07/15,2020-01-01,2020-03-20,41.01
108316,31/07/15,2020-03-20,2021-01-08,47.31
108316,31/07/15,2021-01-08,2024-10-04,57.99
108316,31/07/15,2024-10-04,2026-01-09,45.26
108316,31/07/15,2026-01-09,null,49.08
111147,29/09/03,2006-09-29,2009-03-27,9.92
111147,29/09/03,2009-03-27,2010-05-02,12.25
111147,29/09/03,2010-05-02,2014-08-15,10.06
111147,29/09/03,2014-08-15,2015-10-01,10.34
111147,29/09/03,2015-10-01,2016-01-01,11.87
111147,29/09/03,2016-01-01,2016-04-22,13.46
111147,29/09/03,2016-04-22,2019-11-21,12.05
111147,29/09/03,2019-11-21,2020-06-05,9.74
111147,29/09/03,2020-06-05,2020-09-18,14.38
111147,29/09/03,2020-09-18,2021-02-26,12.45
111147,29/09/03,2021-02-26,2021-10-15,14.99
111147,29/09/03,2021-10-15,2023-10-12,15.97
111147,29/09/03,2023-10-12,2025-04-25,12.17
111147,29/09/03,2025-04-25,null,15.71
115002,05/04/07,2010-04-05,2011-03-24,12.55
115002,05/04/07,2011-03-24,2015-10-01,11.18
115002,05/04/07,2015-10-01,2016-04-22,12.63
115002,05/04/07,2016-04-22,2019-03-14,11.44
115002,05/04/07,2019-03-14,2019-11-21,12.87
115002,05/04/07,2019-11-21,2020-01-01,12.89
115002,05/04/07,2020-01-01,2020-03-27,9.25
115002,05/04/07,2020-03-27,2020-06-05,12.48
115002,05/04/07,2020-06-05,2021-04-09,11.29
115002,05/04/07,2021-04-09,2023-11-30,10.21
115002,05/04/07,2023-11-30,2024-11-01,10.2
115002,05/04/07,2024-11-01,null,9.74
115592,20/10/16,null,2019-10-20,15.94
115592,20/10/16,2019-10-20,2021-04-09,13.55
115592,20/10/16,2021-04-09,2022-10-14,17.0
115592,20/10/16,2022-10-14,2023-06-08,15.43
115592,20/10/16,2023-06-08,2025-05-16,17.5
115592,20/10/16,2025-05-16,2025-06-20,20.22
115592,20/10/16,2025-06-20,null,16.14
115711,31/07/15,2018-07-31,2020-01-01,23.33
115711,31/07/15,2020-01-01,2020-03-20,18.57
115711,31/07/15,2020-03-20,2021-10-15,25.11
115711,31/07/15,2021-10-15,2024-01-11,23.22
115711,31/07/15,2024-01-11,2025-04-25,17.76
115711,31/07/15,2025-04-25,null,17.23
128937,12/09/12,2015-09-12,2017-12-01,11.0
128937,12/09/12,2017-12-01,2019-11-07,12.35
128937,12/09/12,2019-11-07,2020-03-06,14.16
128937,12/09/12,2020-03-06,2020-12-04,15.55
128937,12/09/12,2020-12-04,2022-02-11,10.92
128937,12/09/12,2022-02-11,2024-09-06,14.28
128937,12/09/12,2024-09-06,2024-11-01,13.76
128937,12/09/12,2024-11-01,2025-10-03,11.59
128937,12/09/12,2025-10-03,null,11.84
128961,12/09/12,2015-09-12,2017-01-27,11.25
128961,12/09/12,2017-01-27,2019-10-24,13.84
128961,12/09/12,2019-10-24,2020-03-06,11.18
128961,12/09/12,2020-03-06,2020-11-27,15.38
128961,12/09/12,2020-11-27,2022-02-11,10.55
128961,12/09/12,2022-02-11,2024-09-06,15.36
128961,12/09/12,2024-09-06,2024-11-01,11.4
128961,12/09/12,2024-11-01,2025-10-03,13.72
128961,12/09/12,2025-10-03,null,13.77
129364,15/03/07,2010-03-15,2011-01-01,10.97
129364,15/03/07,2011-01-01,2011-08-18,8.2
129364,15/03/07,2011-08-18,2014-09-12,11.39
129364,15/03/07,2014-09-12,2015-11-12,12.27
129364,15/03/07,2015-11-12,2016-11-04,14.89
129364,15/03/07,2016-11-04,2018-04-13,13.11
129364,15/03/07,2018-04-13,2020-06-05,13.49
129364,15/03/07,2020-06-05,2025-10-03,16.51
129364,15/03/07,2025-10-03,null,15.11
129372,08/02/07,2010-02-08,2011-08-18,7.39
129372,08/02/07,2011-08-18,2016-01-01,8.7
129372,08/02/07,2016-01-01,2021-04-02,10.3
129372,08/02/07,2021-04-02,2022-01-14,7.53
129372,08/02/07,2022-01-14,2023-11-30,9.78
129372,08/02/07,2023-11-30,2024-03-08,12.08
129372,08/02/07,2024-03-08,2025-01-10,11.29
129372,08/02/07,2025-01-10,null,11.59
129453,20/03/06,2009-03-20,2011-08-18,7.3
129453,20/03/06,2011-08-18,2014-03-28,6.85
129453,20/03/06,2014-03-28,2015-11-12,7.96
129453,20/03/06,2015-11-12,2016-10-07,10.1
129453,20/03/06,2016-10-07,2016-11-04,10.22
129453,20/03/06,2016-11-04,2020-11-27,10.98
129453,20/03/06,2020-11-27,2022-01-14,9.55
129453,20/03/06,2022-01-14,2023-10-12,13.8
129453,20/03/06,2023-10-12,2024-03-08,8.61
129453,20/03/06,2024-03-08,2025-01-10,10.65
129453,20/03/06,2025-01-10,null,10.47
129461,29/02/08,2011-02-28,2015-11-12,12.66
129461,29/02/08,2015-11-12,2016-10-07,12.13
129461,29/02/08,2016-10-07,2016-11-04,12.08
129461,29/02/08,2016-11-04,2018-04-13,14.66
129461,29/02/08,2018-04-13,2020-06-05,14.29
129461,29/02/08,2020-06-05,2025-10-03,14.67
129461,29/02/08,2025-10-03,null,17.61
129674,11/04/12,2015-04-11,2018-10-12,12.72
129674,11/04/12,2018-10-12,2019-11-07,12.47
129674,11/04/12,2019-11-07,2020-03-20,15.93
129674,11/04/12,2020-03-20,2020-12-04,13.3
129674,11/04/12,2020-12-04,2022-02-11,14.37
129674,11/04/12,2022-02-11,2024-09-06,15.33
129674,11/04/12,2024-09-06,2024-11-01,11.12
129674,11/04/12,2024-11-01,2025-11-14,12.77
129674,11/04/12,2025-11-14,null,16.3
129739,27/12/10,2013-12-27,2014-02-28,9.47
129739,27/12/10,2014-02-28,2015-11-12,10.52
129739,27/12/10,2015-11-12,2016-10-07,8.81
129739,27/12/10,2016-10-07,2016-11-04,9.73
129739,27/12/10,2016-11-04,2018-04-13,13.17
129739,27/12/10,2018-04-13,2020-11-27,11.16
129739,27/12/10,2020-11-27,2021-02-26,11.47
129739,27/12/10,2021-02-26,2023-10-12,14.66
129739,27/12/10,2023-10-12,null,13.86
129860,19/08/10,2013-08-19,2013-11-08,8.21
129860,19/08/10,2013-11-08,2015-11-12,9.93
129860,19/08/10,2015-11-12,2016-10-07,9.42
129860,19/08/10,2016-10-07,2016-11-04,10.0
129860,19/08/10,2016-11-04,2020-11-27,9.39
129860,19/08/10,2020-11-27,2022-01-14,12.3
129860,19/08/10,2022-01-14,2023-10-12,12.93
129860,19/08/10,2023-10-12,2024-03-08,12.35
129860,19/08/10,2024-03-08,2025-01-10,11.29
129860,19/08/10,2025-01-10,null,9.45
133884,16/10/15,2018-10-16,2021-11-26,38.07
133884,16/10/15,2021-11-26,2024-10-04,36.02
133884,16/10/15,2024-10-04,2024-11-01,31.15
133884,16/10/15,2024-11-01,null,28.38
134376,18/02/14,2017-02-18,2020-06-05,14.65
134376,18/02/14,2020-06-05,2022-01-14,17.74
134376,18/02/14,2022-01-14,2024-07-26,19.33
134376,18/02/14,2024-07-26,2024-09-06,13.52
134376,18/02/14,2024-09-06,2024-10-04,12.65
134376,18/02/14,2024-10-04,null,11.07
136166,17/08/11,2014-08-17,2020-06-05,12.34
136166,17/08/11,2020-06-05,2021-01-08,15.6
136166,17/08/11,2021-01-08,2025-08-22,15.41
136166,17/08/11,2025-08-22,null,16.12
139513,19/09/16,2019-09-19,2020-10-31,15.61
139513,19/09/16,2020-10-31,2020-11-27,17.91
139513,19/09/16,2020-11-27,2022-01-14,18.35
139513,19/09/16,2022-01-14,2024-07-26,16.73
139513,19/09/16,2024-07-26,2024-11-01,13.3
139513,19/09/16,2024-11-01,null,14.72
140449,26/05/99,2002-05-26,2003-09-11,7.47
140449,26/05/99,2003-09-11,2004-01-01,9.99
140449,26/05/99,2004-01-01,2004-06-25,9.05
140449,26/05/99,2004-06-25,2004-08-27,6.74
140449,26/05/99,2004-08-27,2005-04-01,8.9
140449,26/05/99,2005-04-01,2006-04-28,9.5
140449,26/05/99,2006-04-28,2006-12-01,9.58
140449,26/05/99,2006-12-01,2015-11-12,9.74
140449,26/05/99,2015-11-12,2016-10-07,12.85
140449,26/05/99,2016-10-07,2016-11-04,13.68
140449,26/05/99,2016-11-04,2018-04-13,11.3
140449,26/05/99,2018-04-13,2019-02-08,12.38
140449,26/05/99,2019-02-08,2021-01-08,13.01
140449,26/05/99,2021-01-08,null,14.19
196665,03/02/06,2009-02-03,2011-08-18,6.68
196665,03/02/06,2011-08-18,2014-03-28,9.13
196665,03/02/06,2014-03-28,2015-11-12,6.98
196665,03/02/06,2015-11-12,2016-10-07,8.25
196665,03/02/06,2016-10-07,2016-11-04,9.41
196665,03/02/06,2016-11-04,2020-11-27,9.93
196665,03/02/06,2020-11-27,2022-01-14,10.75
196665,03/02/06,2022-01-14,2023-11-23,10.8
196665,03/02/06,2023-11-23,2024-03-08,10.18
196665,03/02/06,2024-03-08,2025-01-17,12.55
196665,03/02/06,2025-01-17,null,12.32
196673,03/02/06,2009-02-03,2011-08-18,6.94
196673,03/02/06,2011-08-18,2014-03-28,7.34
196673,03/02/06,2014-03-28,2015-11-12,6.66
196673,03/02/06,2015-11-12,2016-10-07,11.81
196673,03/02/06,2016-10-07,2016-11-04,10.6
196673,03/02/06,2016-11-04,2020-11-27,8.64
196673,03/02/06,2020-11-27,2022-01-14,10.22
196673,03/02/06,2022-01-14,2023-11-23,10.07
196673,03/02/06,2023-11-23,2024-03-08,9.56
196673,03/02/06,2024-03-08,2025-01-17,10.34
196673,03/02/06,2025-01-17,null,14.83
196754,15/05/15,2018-05-15,2021-01-08,19.27
196754,15/05/15,2021-01-08,2025-10-03,23.86
196754,15/05/15,2025-10-03,null,18.5
196762,20/05/15,2018-05-20,2021-01-08,20.86
196762,20/05/15,2021-01-08,2024-11-22,17.88
196762,20/05/15,2024-11-22,null,21.9
219193,20/08/13,2016-08-20,2018-04-13,20.61
219193,20/08/13,2018-04-13,2020-06-05,16.72
219193,20/08/13,2020-06-05,2021-01-08,15.67
219193,20/08/13,2021-01-08,2023-10-12,17.08
219193,20/08/13,2023-10-12,null,15.83
219207,29/12/14,2017-12-29,2019-04-18,10.54
219207,29/12/14,2019-04-18,2021-01-08,9.04
219207,29/12/14,2021-01-08,null,13.56
219266,18/02/14,2017-02-18,2018-04-13,9.22
219266,18/02/14,2018-04-13,2020-06-05,12.85
219266,18/02/14,2020-06-05,2020-07-10,10.5
219266,18/02/14,2020-07-10,2021-01-08,9.5
219266,18/02/14,2021-01-08,2023-10-12,12.68
219266,18/02/14,2023-10-12,null,10.06
219347,20/07/16,2019-07-20,2020-02-13,8.44
219347,20/07/16,2020-02-13,2020-06-05,7.11
219347,20/07/16,2020-06-05,null,7.45
219819,03/06/15,2018-06-03,2019-10-24,10.28
219819,03/06/15,2019-10-24,2020-06-05,8.24
219819,03/06/15,2020-06-05,null,9.62
219916,29/07/14,2017-07-29,2021-01-08,10.36
219916,29/07/14,2021-01-08,null,15.46
219940,29/04/15,2018-04-29,2020-06-05,9.9
219940,29/04/15,2020-06-05,2021-01-08,12.02
219940,29/04/15,2021-01-08,2023-10-12,11.71
219940,29/04/15,2023-10-12,null,11.44
219959,29/04/15,2018-04-29,2020-06-05,12.25
219959,29/04/15,2020-06-05,2021-01-08,9.88
219959,29/04/15,2021-01-08,2023-10-12,13.61
219959,29/04/15,2023-10-12,2023-11-23,12.1
219959,29/04/15,2023-11-23,2023-11-30,17.1
219959,29/04/15,2023-11-30,null,11.91
257729,06/04/16,2019-04-06,2021-01-08,15.25
257729,06/04/16,2021-01-08,2023-10-12,23.39
257729,06/04/16,2023-10-12,2024-01-11,15.96
257729,06/04/16,2024-01-11,2024-09-13,12.93
257729,06/04/16,2024-09-13,2025-01-10,14.36
257729,06/04/16,2025-01-10,null,15.88
257737,06/04/16,2019-04-06,2021-01-08,15.91
257737,06/04/16,2021-01-08,2023-10-12,23.31
257737,06/04/16,2023-10-12,2024-01-11,22.68
257737,06/04/16,2024-01-11,2024-09-13,17.76
257737,06/04/16,2024-09-13,2025-01-10,14.15
257737,06/04/16,2025-01-10,null,13.83
258156,19/11/15,2018-11-19,2018-11-24,13.49
258156,19/11/15,2018-11-24,2019-10-10,19.52
258156,19/11/15,2019-10-10,2021-04-09,14.52
258156,19/11/15,2021-04-09,2025-04-25,11.59
258156,19/11/15,2025-04-25,2025-07-25,13.53
258156,19/11/15,2025-07-25,null,21.27
258199,19/11/15,2018-11-19,2019-10-10,19.2
258199,19/11/15,2019-10-10,2021-04-09,11.8
258199,19/11/15,2021-04-09,2025-04-25,12.76
258199,19/11/15,2025-04-25,2025-07-25,16.68
258199,19/11/15,2025-07-25,null,18.88
258369,26/10/15,2018-10-26,2021-01-08,19.54
258369,26/10/15,2021-01-08,2023-10-12,15.19
258369,26/10/15,2023-10-12,2024-01-11,20.31
258369,26/10/15,2024-01-11,2024-09-13,18.75
258369,26/10/15,2024-09-13,2025-01-10,14.34
258369,26/10/15,2025-01-10,null,12.23
258377,26/10/15,2018-10-26,2021-01-08,23.8
258377,26/10/15,2021-01-08,2023-10-12,25.23
258377,26/10/15,2023-10-12,2024-01-11,16.96
258377,26/10/15,2024-01-11,2024-09-13,14.68
258377,26/10/15,2024-09-13,2025-01-10,16.58
258377,26/10/15,2025-01-10,null,14.39
258474,16/07/15,2018-07-16,2020-02-06,23.15
258474,16/07/15,2020-02-06,2021-01-08,31.35
258474,16/07/15,2021-01-08,2022-04-08,44.27
258474,16/07/15,2022-04-08,2025-01-10,40.72
258474,16/07/15,2025-01-10,null,38.99
258636,15/05/15,2018-05-15,2018-05-19,13.27
258636,15/05/15,2018-05-19,2019-10-24,15.03
258636,15/05/15,2019-10-24,2020-06-05,13.41
258636,15/05/15,2020-06-05,2020-11-27,13.08
258636,15/05/15,2020-11-27,2021-04-09,18.04
258636,15/05/15,2021-04-09,null,16.66
258792,01/08/14,2017-08-01,2024-01-11,23.49
258792,01/08/14,2024-01-11,2024-09-13,21.53
258792,01/08/14,2024-09-13,2025-01-10,11.36
258792,01/08/14,2025-01-10,null,13.72
258822,29/07/14,2017-07-29,2021-01-08,19.46
258822,29/07/14,2021-01-08,2024-01-11,24.89
258822,29/07/14,2024-01-11,2024-09-13,22.3
258822,29/07/14,2024-09-13,2025-01-10,12.63
258822,29/07/14,2025-01-10,null,16.28
258830,29/07/14,2017-07-29,2020-04-24,21.33
258830,29/07/14,2020-04-24,2023-10-12,20.32
258830,29/07/14,2023-10-12,2024-01-11,16.49
258830,29/07/14,2024-01-11,2024-09-13,17.5
258830,29/07/14,2024-09-13,null,12.74
258997,19/05/14,2017-05-19,2018-04-13,15.26
258997,19/05/14,2018-04-13,2020-06-05,16.01
258997,19/05/14,2020-06-05,2021-01-08,13.05
258997,19/05/14,2021-01-08,null,13.45
259357,06/05/11,2014-05-06,2015-11-12,7.9
259357,06/05/11,2015-11-12,2018-02-16,6.71
259357,06/05/11,2018-02-16,2020-06-05,7.75
259357,06/05/11,2020-06-05,2021-01-08,8.24
259357,06/05/11,2021-01-08,null,6.64
288063,04/02/02,2005-02-04,2005-04-01,36.86
288063,04/02/02,2005-04-01,2006-12-01,27.44
288063,04/02/02,2006-12-01,2007-06-09,36.25
288063,04/02/02,2007-06-09,2007-08-23,61.69
288063,04/02/02,2007-08-23,2015-11-12,49.19
288063,04/02/02,2015-11-12,2020-06-05,52.82
288063,04/02/02,2020-06-05,2025-08-22,60.38
288063,04/02/02,2025-08-22,null,46.54
308188,19/08/16,2019-08-19,2021-06-04,22.11
308188,19/08/16,2021-06-04,2023-10-12,21.07
308188,19/08/16,2023-10-12,2024-07-26,20.65
308188,19/08/16,2024-07-26,null,16.01
308196,19/08/16,2019-08-19,2023-11-23,27.86
308196,19/08/16,2023-11-23,2024-01-11,22.66
308196,19/08/16,2024-01-11,2024-07-26,24.82
308196,19/08/16,2024-07-26,2024-08-02,19.25
308196,19/08/16,2024-08-02,null,24.75
308226,19/08/16,2019-08-19,2023-11-23,13.56
308226,19/08/16,2023-11-23,2024-08-02,9.25
308226,19/08/16,2024-08-02,2024-11-01,9.31
308226,19/08/16,2024-11-01,null,10.85
308331,08/04/16,2019-04-08,2019-04-18,31.61
308331,08/04/16,2019-04-18,2021-01-08,40.07
308331,08/04/16,2021-01-08,2021-10-15,42.23
308331,08/04/16,2021-10-15,2025-10-17,40.51
308331,08/04/16,2025-10-17,null,52.73
308390,08/04/16,2019-04-08,2021-01-08,47.84
308390,08/04/16,2021-01-08,2023-11-23,37.67
308390,08/04/16,2023-11-23,2024-11-22,32.18
308390,08/04/16,2024-11-22,2025-08-08,33.32
308390,08/04/16,2025-08-08,null,38.67
308439,08/04/16,2019-04-08,2021-01-08,33.33
308439,08/04/16,2021-01-08,2021-10-15,36.0
308439,08/04/16,2021-10-15,2025-10-17,43.09
308439,08/04/16,2025-10-17,null,36.34
308447,08/04/16,2019-04-08,2019-04-18,28.71
308447,08/04/16,2019-04-18,2021-01-08,37.63
308447,08/04/16,2021-01-08,2021-10-15,37.75
308447,08/04/16,2021-10-15,null,29.51
308455,06/04/16,2019-04-06,2019-04-18,46.63
308455,06/04/16,2019-04-18,2021-01-08,56.61
308455,06/04/16,2021-01-08,2021-10-15,47.47
308455,06/04/16,2021-10-15,null,60.33
308471,08/04/16,2019-04-08,2020-04-10,17.39
308471,08/04/16,2020-04-10,2021-10-15,19.15
308471,08/04/16,2021-10-15,null,14.5
308498,08/04/16,2019-04-08,2019-04-18,17.55
308498,08/04/16,2019-04-18,2021-01-08,22.84
308498,08/04/16,2021-01-08,2021-10-15,17.79
308498,08/04/16,2021-10-15,null,18.02
308528,08/04/16,2019-04-08,2019-05-04,19.78
308528,08/04/16,2019-05-04,2021-10-15,21.01
308528,08/04/16,2021-10-15,null,15.05
308536,06/04/16,2019-04-06,2021-10-15,18.53
308536,06/04/16,2021-10-15,2022-05-13,17.67
308536,06/04/16,2022-05-13,null,15.38
309338,28/06/07,2010-06-28,2011-01-01,44.91
309338,28/06/07,2011-01-01,2015-11-12,38.84
309338,28/06/07,2015-11-12,2020-06-05,46.15
309338,28/06/07,2020-06-05,2021-01-08,45.0
309338,28/06/07,2021-01-08,2024-10-04,42.41
309338,28/06/07,2024-10-04,2025-10-31,42.11
309338,28/06/07,2025-10-31,null,43.23
309958,01/03/07,2010-03-01,2011-03-24,11.71
309958,01/03/07,2011-03-24,2012-10-05,10.77
309958,01/03/07,2012-10-05,2015-10-01,14.43
309958,01/03/07,2015-10-01,2016-04-22,9.54
309958,01/03/07,2016-04-22,2019-03-14,16.9
309958,01/03/07,2019-03-14,2020-01-01,13.11
309958,01/03/07,2020-01-01,2020-03-27,11.66
309958,01/03/07,2020-03-27,2020-06-05,11.61
309958,01/03/07,2020-06-05,2021-04-09,12.74
309958,01/03/07,2021-04-09,2023-10-12,16.43
309958,01/03/07,2023-10-12,null,13.23
313068,24/06/91,1995-12-29,1996-04-14,8.46
313068,24/06/91,1996-04-14,1997-11-17,6.66
313068,24/06/91,1997-11-17,1999-03-18,7.74
313068,24/06/91,1999-03-18,2000-11-24,7.08
313068,24/06/91,2000-11-24,2003-02-28,7.35
313068,24/06/91,2003-02-28,2003-09-11,9.21
313068,24/06/91,2003-09-11,2004-01-01,10.94
313068,24/06/91,2004-01-01,2004-04-30,9.77
313068,24/06/91,2004-04-30,2004-10-22,13.62
313068,24/06/91,2004-10-22,2005-04-01,11.23
313068,24/06/91,2005-04-01,2006-09-22,9.93
313068,24/06/91,2006-09-22,2006-12-01,13.15
313068,24/06/91,2006-12-01,2011-01-01,16.89
313068,24/06/91,2011-01-01,2014-05-23,11.81
313068,24/06/91,2014-05-23,2015-11-12,14.85
313068,24/06/91,2015-11-12,2016-04-22,11.94
313068,24/06/91,2016-04-22,2018-04-13,11.46
313068,24/06/91,2018-04-13,2021-03-05,15.87
313068,24/06/91,2021-03-05,2025-01-10,16.38
313068,24/06/91,2025-01-10,null,18.35
353019,03/03/98,2001-03-03,2004-01-01,4.02
353019,03/03/98,2004-01-01,2005-04-01,5.35
353019,03/03/98,2005-04-01,2006-01-13,4.94
353019,03/03/98,2006-01-13,2006-06-02,4.8
353019,03/03/98,2006-06-02,2006-12-01,5.9
353019,03/03/98,2006-12-01,2015-11-12,5.7
353019,03/03/98,2015-11-12,2016-10-07,4.8
353019,03/03/98,2016-10-07,2016-11-04,5.38
353019,03/03/98,2016-11-04,2018-04-13,6.64
353019,03/03/98,2018-04-13,2020-06-05,8.59
353019,03/03/98,2020-06-05,2023-04-20,7.15
353019,03/03/98,2023-04-20,null,7.28
359114,01/05/15,2018-05-01,2021-01-08,13.06
359114,01/05/15,2021-01-08,2023-01-13,11.8
359114,01/05/15,2023-01-13,null,11.4
359297,10/06/09,2012-06-10,2015-11-12,14.66
359297,10/06/09,2015-11-12,2017-04-21,14.53
359297,10/06/09,2017-04-21,2018-04-13,15.41
359297,10/06/09,2018-04-13,2020-07-10,15.42
359297,10/06/09,2020-07-10,2021-05-28,15.68
359297,10/06/09,2021-05-28,2025-07-25,16.23
359297,10/06/09,2025-07-25,null,13.15
359629,11/01/16,2019-01-11,2020-09-18,26.73
359629,11/01/16,2020-09-18,2024-07-26,24.92
359629,11/01/16,2024-07-26,2024-09-13,16.38
359629,11/01/16,2024-09-13,2025-08-22,17.41
359629,11/01/16,2025-08-22,null,15.86
359688,05/07/11,2014-07-05,2015-11-12,6.91
359688,05/07/11,2015-11-12,2016-11-04,8.02
359688,05/07/11,2016-11-04,2019-01-11,10.25
359688,05/07/11,2019-01-11,2020-07-10,10.79
359688,05/07/11,2020-07-10,2021-05-28,10.63
359688,05/07/11,2021-05-28,null,11.0
359963,17/07/14,2017-07-17,2020-07-10,18.85
359963,17/07/14,2020-07-10,2022-06-24,18.6
359963,17/07/14,2022-06-24,2025-08-08,14.22
359963,17/07/14,2025-08-08,null,18.5
359971,17/07/14,2017-07-17,2020-06-12,18.75
359971,17/07/14,2020-06-12,2022-06-24,17.48
359971,17/07/14,2022-06-24,2024-11-22,12.42
359971,17/07/14,2024-11-22,null,15.66
379786,01/04/16,2019-04-01,2020-08-14,19.58
379786,01/04/16,2020-08-14,2024-07-26,22.62
379786,01/04/16,2024-07-26,2024-10-04,14.83
379786,01/04/16,2024-10-04,2025-08-22,14.8
379786,01/04/16,2025-08-22,null,16.91
379956,03/11/15,2018-11-03,2021-01-08,18.21
379956,03/11/15,2021-01-08,2022-01-14,26.37
379956,03/11/15,2022-01-14,2022-02-18,22.7
379956,03/11/15,2022-02-18,2022-03-04,21.99
379956,03/11/15,2022-03-04,2024-08-23,22.16
379956,03/11/15,2024-08-23,2024-10-11,17.74
379956,03/11/15,2024-10-11,2026-01-09,18.08
379956,03/11/15,2026-01-09,null,19.29
380423,16/12/99,2002-12-16,2003-09-18,8.62
380423,16/12/99,2003-09-18,2004-01-01,8.09
380423,16/12/99,2004-01-01,2005-04-01,9.75
380423,16/12/99,2005-04-01,2008-10-24,10.6
380423,16/12/99,2008-10-24,2009-08-14,9.27
380423,16/12/99,2009-08-14,2015-11-12,11.13
380423,16/12/99,2015-11-12,2016-10-07,9.26
380423,16/12/99,2016-10-07,2016-11-04,11.75
380423,16/12/99,2016-11-04,2018-04-13,10.66
380423,16/12/99,2018-04-13,2019-02-08,10.51
380423,16/12/99,2019-02-08,2020-06-05,13.08
380423,16/12/99,2020-06-05,null,15.89
380431,16/12/99,2002-12-16,2004-01-01,9.38
380431,16/12/99,2004-01-01,2004-11-26,8.37
380431,16/12/99,2004-11-26,2005-04-01,8.78
380431,16/12/99,2005-04-01,2006-12-01,8.23
380431,16/12/99,2006-12-01,2022-07-22,10.99
380431,16/12/99,2022-07-22,null,15.6
381845,19/05/14,2017-05-19,2021-01-08,18.01
381845,19/05/14,2021-01-08,2022-01-14,23.43
381845,19/05/14,2022-01-14,2024-08-23,18.29
381845,19/05/14,2024-08-23,2024-10-11,18.37
381845,19/05/14,2024-10-11,2026-01-09,16.43
381845,19/05/14,2026-01-09,null,15.95
382027,28/08/98,2001-08-28,2004-01-01,44.64
382027,28/08/98,2004-01-01,2005-04-01,42.76
382027,28/08/98,2005-04-01,2007-06-21,46.56
382027,28/08/98,2007-06-21,2008-06-20,40.99
382027,28/08/98,2008-06-20,2011-01-01,29.04
382027,28/08/98,2011-01-01,2011-04-21,30.62
382027,28/08/98,2011-04-21,2015-11-12,34.53
382027,28/08/98,2015-11-12,2020-06-05,37.54
382027,28/08/98,2020-06-05,2021-01-08,30.18
382027,28/08/98,2021-01-08,2023-11-23,58.6
382027,28/08/98,2023-11-23,2024-09-06,43.49
382027,28/08/98,2024-09-06,2024-11-08,39.72
382027,28/08/98,2024-11-08,null,26.38
383104,23/05/14,2017-05-23,2020-11-27,20.25
383104,23/05/14,2020-11-27,2021-04-09,19.6
383104,23/05/14,2021-04-09,2022-02-11,17.69
383104,23/05/14,2022-02-11,null,22.7
383139,28/04/14,2017-04-28,2019-02-08,13.66
383139,28/04/14,2019-02-08,2020-03-20,15.02
383139,28/04/14,2020-03-20,2021-02-26,14.33
383139,28/04/14,2021-02-26,2023-03-09,12.79
383139,28/04/14,2023-03-09,2023-11-23,14.69
383139,28/04/14,2023-11-23,2024-08-23,13.72
383139,28/04/14,2024-08-23,2024-09-27,9.68
383139,28/04/14,2024-09-27,2025-02-21,9.7
383139,28/04/14,2025-02-21,2025-03-14,13.82
383139,28/04/14,2025-03-14,2025-11-28,8.66
383139,28/04/14,2025-11-28,null,10.23
383163,18/02/14,2017-02-18,2020-11-27,14.98
383163,18/02/14,2020-11-27,2021-04-09,15.11
383163,18/02/14,2021-04-09,2022-01-14,15.9
383163,18/02/14,2022-01-14,2024-03-08,19.35
383163,18/02/14,2024-03-08,null,17.15
384585,23/08/00,2003-08-23,2004-01-01,7.95
384585,23/08/00,2004-01-01,2004-11-26,12.45
384585,23/08/00,2004-11-26,2005-01-01,10.12
384585,23/08/00,2005-01-01,2005-04-01,10.37
384585,23/08/00,2005-04-01,2005-08-26,13.05
384585,23/08/00,2005-08-26,2005-09-23,13.48
384585,23/08/00,2005-09-23,2011-01-01,10.83
384585,23/08/00,2011-01-01,2011-08-04,12.45
384585,23/08/00,2011-08-04,2015-11-12,11.89
384585,23/08/00,2015-11-12,2016-11-04,13.23
384585,23/08/00,2016-11-04,2018-04-13,11.13
384585,23/08/00,2018-04-13,2019-01-11,12.28
384585,23/08/00,2019-01-11,2023-10-12,13.75
384585,23/08/00,2023-10-12,2024-01-11,12.89
384585,23/08/00,2024-01-11,null,12.11
384593,12/02/04,2007-02-12,2011-01-01,16.33
384593,12/02/04,2011-01-01,2015-11-12,23.29
384593,12/02/04,2015-11-12,2018-04-13,21.05
384593,12/02/04,2018-04-13,2022-03-11,26.53
384593,12/02/04,2022-03-11,2023-10-12,22.45
384593,12/02/04,2023-10-12,2024-09-06,20.17
384593,12/02/04,2024-09-06,2025-01-10,15.2
384593,12/02/04,2025-01-10,2025-11-28,12.51
384593,12/02/04,2025-11-28,null,14.4
385360,21/12/99,2002-12-21,2003-09-11,10.22
385360,21/12/99,2003-09-11,2004-01-01,11.79
385360,21/12/99,2004-01-01,2005-04-01,12.02
385360,21/12/99,2005-04-01,2005-08-26,15.19
385360,21/12/99,2005-08-26,2006-09-22,11.64
385360,21/12/99,2006-09-22,2006-12-01,15.54
385360,21/12/99,2006-12-01,2011-01-01,13.15
385360,21/12/99,2011-01-01,2015-11-12,16.92
385360,21/12/99,2015-11-12,2018-04-13,18.56
385360,21/12/99,2018-04-13,2022-06-24,14.62
385360,21/12/99,2022-06-24,null,12.71
385379,21/12/99,2002-12-21,2003-11-13,13.66
385379,21/12/99,2003-11-13,2005-04-01,19.35
385379,21/12/99,2005-04-01,2006-03-31,18.44
385379,21/12/99,2006-03-31,2006-09-22,15.83
385379,21/12/99,2006-09-22,2011-01-01,16.69
385379,21/12/99,2011-01-01,2015-11-12,18.94
385379,21/12/99,2015-11-12,2016-11-04,17.09
385379,21/12/99,2016-11-04,2020-06-05,17.57
385379,21/12/99,2020-06-05,2022-06-24,21.56
385379,21/12/99,2022-06-24,null,16.4
385638,06/01/09,2012-01-06,2015-11-12,8.14
385638,06/01/09,2015-11-12,2016-01-28,12.65
385638,06/01/09,2016-01-28,2018-04-13,11.53
385638,06/01/09,2018-04-13,2019-01-11,12.91
385638,06/01/09,2019-01-11,2020-06-05,14.08
385638,06/01/09,2020-06-05,2020-07-10,12.57
385638,06/01/09,2020-07-10,2020-09-18,13.19
385638,06/01/09,2020-09-18,2023-10-12,13.28
385638,06/01/09,2023-10-12,2024-01-11,10.53
385638,06/01/09,2024-01-11,null,13.97
387312,06/01/97,2000-01-06,2001-01-05,7.86
387312,06/01/97,2001-01-05,2001-03-30,9.18
387312,06/01/97,2001-03-30,2003-08-14,8.83
387312,06/01/97,2003-08-14,2004-01-01,11.35
387312,06/01/97,2004-01-01,2004-03-05,8.84
387312,06/01/97,2004-03-05,2004-11-26,11.33
387312,06/01/97,2004-11-26,2005-04-01,11.34
387312,06/01/97,2005-04-01,2006-04-28,10.77
387312,06/01/97,2006-04-28,2015-09-10,11.56
387312,06/01/97,2015-09-10,2015-11-12,8.79
387312,06/01/97,2015-11-12,2016-10-07,11.91
387312,06/01/97,2016-10-07,2016-11-04,11.69
387312,06/01/97,2016-11-04,2018-04-13,12.9
387312,06/01/97,2018-04-13,2019-11-07,12.98
387312,06/01/97,2019-11-07,2020-02-13,11.09
387312,06/01/97,2020-02-13,2020-03-20,15.28
387312,06/01/97,2020-03-20,2021-02-26,10.81
387312,06/01/97,2021-02-26,2023-03-09,18.27
387312,06/01/97,2023-03-09,2023-11-30,13.59
387312,06/01/97,2023-11-30,2024-07-26,12.74
387312,06/01/97,2024-07-26,2024-11-01,8.82
387312,06/01/97,2024-11-01,null,11.84
387320,06/01/97,2000-01-06,2001-01-05,8.09
387320,06/01/97,2001-01-05,2001-03-30,8.08
387320,06/01/97,2001-03-30,2003-08-14,9.22
387320,06/01/97,2003-08-14,2004-01-01,9.59
387320,06/01/97,2004-01-01,2004-03-05,12.64
387320,06/01/97,2004-03-05,2004-11-26,10.0
387320,06/01/97,2004-11-26,2005-04-01,10.65
387320,06/01/97,2005-04-01,2005-12-02,9.47
387320,06/01/97,2005-12-02,2015-09-10,14.41
387320,06/01/97,2015-09-10,2015-11-12,12.59
387320,06/01/97,2015-11-12,2016-10-07,13.23
387320,06/01/97,2016-10-07,2016-11-04,9.84
387320,06/01/97,2016-11-04,2018-04-13,10.15
387320,06/01/97,2018-04-13,2019-11-07,12.41
387320,06/01/97,2019-11-07,2020-02-13,13.35
387320,06/01/97,2020-02-13,2020-03-20,12.83
387320,06/01/97,2020-03-20,2021-02-26,14.51
387320,06/01/97,2021-02-26,2023-03-09,13.36
387320,06/01/97,2023-03-09,2023-11-30,14.82
387320,06/01/97,2023-11-30,2024-07-26,14.97
387320,06/01/97,2024-07-26,2024-11-01,12.17
387320,06/01/97,2024-11-01,null,11.76
387789,16/10/97,2000-10-16,2000-11-03,9.46
387789,16/10/97,2000-11-03,2001-01-26,10.83
387789,16/10/97,2001-01-26,2003-08-14,10.26
387789,16/10/97,2003-08-14,2004-01-01,9.23
387789,16/10/97,2004-01-01,2004-03-05,8.48
387789,16/10/97,2004-03-05,2004-11-26,12.32
387789,16/10/97,2004-11-26,2005-04-01,10.68
387789,16/10/97,2005-04-01,2006-03-03,13.3
387789,16/10/97,2006-03-03,2015-09-10,11.32
387789,16/10/97,2015-09-10,2015-11-12,13.66
387789,16/10/97,2015-11-12,2016-10-07,9.93
387789,16/10/97,2016-10-07,2016-11-04,12.91
387789,16/10/97,2016-11-04,2018-04-13,14.82
387789,16/10/97,2018-04-13,2019-10-24,13.08
387789,16/10/97,2019-10-24,2020-02-13,11.89
387789,16/10/97,2020-02-13,2020-03-20,15.54
387789,16/10/97,2020-03-20,2021-02-26,13.81
387789,16/10/97,2021-02-26,2023-03-09,14.63
387789,16/10/97,2023-03-09,2023-11-23,12.71
387789,16/10/97,2023-11-23,2024-07-26,15.81
387789,16/10/97,2024-07-26,null,9.19
387800,22/12/97,2000-12-22,2001-03-13,19.15
387800,22/12/97,2001-03-13,2004-01-01,19.39
387800,22/12/97,2004-01-01,2005-04-01,21.0
387800,22/12/97,2005-04-01,2006-04-28,18.32
387800,22/12/97,2006-04-28,2007-06-21,26.13
387800,22/12/97,2007-06-21,2011-01-01,20.98
387800,22/12/97,2011-01-01,2015-09-10,18.15
387800,22/12/97,2015-09-10,2015-11-12,17.89
387800,22/12/97,2015-11-12,2018-04-13,19.35
387800,22/12/97,2018-04-13,2020-01-09,25.01
387800,22/12/97,2020-01-09,2021-01-08,27.92
387800,22/12/97,2021-01-08,2023-11-23,23.67
387800,22/12/97,2023-11-23,2024-03-08,22.55
387800,22/12/97,2024-03-08,2024-12-06,21.07
387800,22/12/97,2024-12-06,2025-09-19,18.46
387800,22/12/97,2025-09-19,null,17.97
388157,15/01/07,2010-01-15,2015-04-23,14.14
388157,15/01/07,2015-04-23,2016-01-01,14.66
388157,15/01/07,2016-01-01,2016-03-25,12.38
388157,15/01/07,2016-03-25,2019-10-24,12.41
388157,15/01/07,2019-10-24,2020-11-27,11.18
388157,15/01/07,2020-11-27,2021-04-09,15.86
388157,15/01/07,2021-04-09,2022-03-22,15.89
388157,15/01/07,2022-03-22,2022-05-06,23.19
388157,15/01/07,2022-05-06,2022-08-19,15.08
388157,15/01/07,2022-08-19,2022-09-16,15.53
388157,15/01/07,2022-09-16,2024-08-02,19.58
388157,15/01/07,2024-08-02,2024-09-06,12.12
388157,15/01/07,2024-09-06,2024-10-04,12.19
388157,15/01/07,2024-10-04,null,9.31
388661,26/09/03,2006-09-26,2017-08-18,11.54
388661,26/09/03,2017-08-18,2019-02-08,12.74
388661,26/09/03,2019-02-08,2020-03-20,13.1
388661,26/09/03,2020-03-20,2021-02-26,15.75
388661,26/09/03,2021-02-26,2023-03-09,17.77
388661,26/09/03,2023-03-09,2023-11-23,17.22
388661,26/09/03,2023-11-23,2024-08-23,14.44
388661,26/09/03,2024-08-23,2024-10-11,8.47
388661,26/09/03,2024-10-11,2025-03-07,11.61
388661,26/09/03,2025-03-07,2025-03-14,10.25
388661,26/09/03,2025-03-14,2025-10-17,12.02
388661,26/09/03,2025-10-17,null,11.69
388971,08/05/07,2010-05-08,2011-01-01,8.47
388971,08/05/07,2011-01-01,2011-04-21,10.86
388971,08/05/07,2011-04-21,2015-04-23,11.75
388971,08/05/07,2015-04-23,2019-10-24,14.1
388971,08/05/07,2019-10-24,2020-11-27,17.23
388971,08/05/07,2020-11-27,2021-04-09,16.46
388971,08/05/07,2021-04-09,2022-08-19,18.7
388971,08/05/07,2022-08-19,2022-09-16,17.76
388971,08/05/07,2022-09-16,2024-08-23,15.19
388971,08/05/07,2024-08-23,2024-11-01,9.32
388971,08/05/07,2024-11-01,2024-12-20,9.23
388971,08/05/07,2024-12-20,null,13.15
389366,07/07/03,2006-07-07,2008-04-25,6.35
389366,07/07/03,2008-04-25,2010-01-28,5.66
389366,07/07/03,2010-01-28,2011-01-01,5.44
389366,07/07/03,2011-01-01,2011-01-04,8.06
389366,07/07/03,2011-01-04,2015-11-12,5.16
389366,07/07/03,2015-11-12,2016-04-22,5.8
389366,07/07/03,2016-04-22,2016-10-07,6.04
389366,07/07/03,2016-10-07,2016-11-04,6.2
389366,07/07/03,2016-11-04,2020-06-05,6.13
389366,07/07/03,2020-06-05,null,6.85
389773,24/02/09,2012-02-24,2016-01-01,16.1
389773,24/02/09,2016-01-01,2016-01-14,15.3
389773,24/02/09,2016-01-14,2020-11-27,15.42
389773,24/02/09,2020-11-27,2021-04-09,16.62
389773,24/02/09,2021-04-09,2022-01-14,21.91
389773,24/02/09,2022-01-14,2024-03-08,17.0
389773,24/02/09,2024-03-08,2024-05-10,13.77
389773,24/02/09,2024-05-10,2025-11-28,12.52
389773,24/02/09,2025-11-28,2026-01-16,13.13
389773,24/02/09,2026-01-16,null,19.78
409081,04/03/11,2014-03-04,2015-11-12,13.75
409081,04/03/11,2015-11-12,2018-04-13,13.85
409081,04/03/11,2018-04-13,2019-01-11,18.58
409081,04/03/11,2019-01-11,2021-01-08,19.57
409081,04/03/11,2021-01-08,2025-04-04,22.94
409081,04/03/11,2025-04-04,null,16.89
409219,03/02/15,2018-02-03,2019-10-24,10.1
409219,03/02/15,2019-10-24,2020-06-05,9.63
409219,03/02/15,2020-06-05,2021-02-26,8.86
409219,03/02/15,2021-02-26,2022-03-11,11.97
409219,03/02/15,2022-03-11,null,16.97
409227,04/02/15,2018-02-04,2021-02-26,17.21
409227,04/02/15,2021-02-26,null,23.28
409383,03/02/15,2018-02-03,2020-06-05,5.77
409383,03/02/15,2020-06-05,2021-01-08,5.85
409383,03/02/15,2021-01-08,null,6.49
511005,17/04/90,1994-02-27,1995-02-05,12.76
511005,17/04/90,1995-02-05,1997-03-30,13.6
511005,17/04/90,1997-03-30,1997-11-17,17.04
511005,17/04/90,1997-11-17,1999-07-01,12.95
511005,17/04/90,1999-07-01,2000-10-27,18.36
511005,17/04/90,2000-10-27,2002-10-25,12.74
511005,17/04/90,2002-10-25,2003-12-04,18.81
511005,17/04/90,2003-12-04,2004-01-01,19.21
511005,17/04/90,2004-01-01,2004-06-25,18.37
511005,17/04/90,2004-06-25,2004-07-30,16.37
511005,17/04/90,2004-07-30,2005-06-24,19.04
511005,17/04/90,2005-06-24,2005-09-09,12.92
511005,17/04/90,2005-09-09,2006-01-01,24.27
511005,17/04/90,2006-01-01,2006-12-01,24.13
511005,17/04/90,2006-12-01,2009-01-01,21.03
511005,17/04/90,2009-01-01,2010-02-05,15.4
511005,17/04/90,2010-02-05,2015-03-05,17.2
511005,17/04/90,2015-03-05,2015-10-01,19.81
511005,17/04/90,2015-10-01,2016-01-01,19.45
511005,17/04/90,2016-01-01,2016-01-28,23.41
511005,17/04/90,2016-01-28,2016-09-09,20.56
511005,17/04/90,2016-09-09,2016-11-04,22.09
511005,17/04/90,2016-11-04,2019-02-08,19.43
511005,17/04/90,2019-02-08,2020-03-20,22.52
511005,17/04/90,2020-03-20,2020-11-27,23.19
511005,17/04/90,2020-11-27,2021-01-08,24.28
511005,17/04/90,2021-01-08,2022-04-08,21.27
511005,17/04/90,2022-04-08,2022-11-25,18.5
511005,17/04/90,2022-11-25,2024-09-06,24.74
511005,17/04/90,2024-09-06,null,20.91
512060,18/06/89,1992-09-28,1993-03-22,14.05
512060,18/06/89,1993-03-22,1993-03-26,12.41
512060,18/06/89,1993-03-26,1993-03-27,16.93
512060,18/06/89,1993-03-27,1993-05-02,14.1
512060,18/06/89,1993-05-02,1994-02-14,11.8
512060,18/06/89,1994-02-14,1995-02-05,16.16
512060,18/06/89,1995-02-05,1997-03-30,13.98
512060,18/06/89,1997-03-30,1997-11-17,15.17
512060,18/06/89,1997-11-17,1998-08-03,15.95
512060,18/06/89,1998-08-03,2000-11-10,15.0
512060,18/06/89,2000-11-10,2002-10-25,17.89
512060,18/06/89,2002-10-25,2004-01-01,17.4
512060,18/06/89,2004-01-01,2004-06-25,15.32
512060,18/06/89,2004-06-25,2004-07-02,18.85
512060,18/06/89,2004-07-02,2005-05-27,18.71
512060,18/06/89,2005-05-27,2006-01-01,23.07
512060,18/06/89,2006-01-01,2006-11-30,16.64
512060,18/06/89,2006-11-30,2006-12-01,18.36
512060,18/06/89,2006-12-01,2007-01-26,19.9
512060,18/06/89,2007-01-26,2009-01-01,19.04
512060,18/06/89,2009-01-01,2010-02-05,15.59
512060,18/06/89,2010-02-05,2010-05-07,18.74
512060,18/06/89,2010-05-07,2011-09-08,14.35
512060,18/06/89,2011-09-08,2014-07-04,18.07
512060,18/06/89,2014-07-04,2015-03-05,19.9
512060,18/06/89,2015-03-05,2015-10-01,21.01
512060,18/06/89,2015-10-01,2016-01-01,22.19
512060,18/06/89,2016-01-01,2016-01-28,24.18
512060,18/06/89,2016-01-28,2016-11-04,16.96
512060,18/06/89,2016-11-04,2019-02-08,26.98
512060,18/06/89,2019-02-08,2019-11-14,23.36
512060,18/06/89,2019-11-14,2022-05-20,26.51
512060,18/06/89,2022-05-20,2022-10-14,18.72
512060,18/06/89,2022-10-14,2024-09-06,21.35
512060,18/06/89,2024-09-06,2024-11-01,29.03
512060,18/06/89,2024-11-01,2025-02-07,21.5
512060,18/06/89,2025-02-07,null,20.21
529818,06/10/08,2011-10-06,2014-04-25,46.2
529818,06/10/08,2014-04-25,2014-07-04,45.84
529818,06/10/08,2014-07-04,2015-10-01,36.32
529818,06/10/08,2015-10-01,2016-01-01,48.14
529818,06/10/08,2016-01-01,2016-04-22,39.26
529818,06/10/08,2016-04-22,2016-11-04,31.66
529818,06/10/08,2016-11-04,2018-02-16,34.57
529818,06/10/08,2018-02-16,2019-02-08,36.09
529818,06/10/08,2019-02-08,2019-04-18,42.89
529818,06/10/08,2019-04-18,2019-11-14,40.05
529818,06/10/08,2019-11-14,2020-03-20,44.12
529818,06/10/08,2020-03-20,2022-10-14,51.42
529818,06/10/08,2022-10-14,null,47.97
530298,13/08/02,2005-08-13,2006-01-01,19.74
530298,13/08/02,2006-01-01,2006-12-01,18.98
530298,13/08/02,2006-12-01,2009-01-01,21.43
530298,13/08/02,2009-01-01,2010-02-05,21.59
530298,13/08/02,2010-02-05,2011-05-05,24.25
530298,13/08/02,2011-05-05,2015-10-01,25.45
530298,13/08/02,2015-10-01,2016-01-01,30.29
530298,13/08/02,2016-01-01,2016-04-22,28.09
530298,13/08/02,2016-04-22,2016-11-04,30.83
530298,13/08/02,2016-11-04,2019-01-11,23.39
530298,13/08/02,2019-01-11,2019-06-27,31.42
530298,13/08/02,2019-06-27,2019-11-14,33.55
530298,13/08/02,2019-11-14,2020-03-20,24.72
530298,13/08/02,2020-03-20,2022-01-14,28.04
530298,13/08/02,2022-01-14,2022-11-25,27.14
530298,13/08/02,2022-11-25,null,24.43
530662,18/06/89,1994-02-14,1995-02-05,21.6
530662,18/06/89,1995-02-05,1996-04-27,25.09
530662,18/06/89,1996-04-27,1997-03-30,21.49
530662,18/06/89,1997-03-30,1997-11-17,22.44
530662,18/06/89,1997-11-17,1999-07-01,26.56
530662,18/06/89,1999-07-01,2000-06-16,26.59
530662,18/06/89,2000-06-16,2000-11-17,24.1
530662,18/06/89,2000-11-17,2002-10-25,25.05
530662,18/06/89,2002-10-25,2004-01-01,26.31
530662,18/06/89,2004-01-01,2004-03-05,21.85
530662,18/06/89,2004-03-05,2004-06-25,22.36
530662,18/06/89,2004-06-25,2005-06-24,28.58
530662,18/06/89,2005-06-24,2006-01-01,35.85
530662,18/06/89,2006-01-01,2009-01-01,36.45
530662,18/06/89,2009-01-01,2010-02-05,24.76
530662,18/06/89,2010-02-05,2014-07-04,31.34
530662,18/06/89,2014-07-04,2015-03-12,34.61
530662,18/06/89,2015-03-12,2015-10-01,37.33
530662,18/06/89,2015-10-01,2016-01-01,34.39
530662,18/06/89,2016-01-01,2016-02-25,31.46
530662,18/06/89,2016-02-25,2016-10-07,34.25
530662,18/06/89,2016-10-07,2016-11-04,32.75
530662,18/06/89,2016-11-04,2019-01-11,29.94
530662,18/06/89,2019-01-11,2019-11-14,37.04
530662,18/06/89,2019-11-14,2022-04-08,28.72
530662,18/06/89,2022-04-08,2022-11-25,30.92
530662,18/06/89,2022-11-25,null,35.43
601063,18/06/89,1993-02-01,1993-03-22,17.41
601063,18/06/89,1993-03-22,1993-03-26,18.17
601063,18/06/89,1993-03-26,1993-03-27,16.36
601063,18/06/89,1993-03-27,1994-01-03,20.08
601063,18/06/89,1994-01-03,1995-02-05,20.91
601063,18/06/89,1995-02-05,1997-03-30,19.73
601063,18/06/89,1997-03-30,1997-11-17,20.58
601063,18/06/89,1997-11-17,2000-11-24,19.48
601063,18/06/89,2000-11-24,2001-06-01,18.41
601063,18/06/89,2001-06-01,2001-09-07,19.04
601063,18/06/89,2001-09-07,2002-10-25,25.47
601063,18/06/89,2002-10-25,2002-11-15,22.42
601063,18/06/89,2002-11-15,2002-12-13,20.87
601063,18/06/89,2002-12-13,2003-03-13,24.88
601063,18/06/89,2003-03-13,2003-03-20,21.4
601063,18/06/89,2003-03-20,2003-12-04,19.81
601063,18/06/89,2003-12-04,2004-01-01,23.37
601063,18/06/89,2004-01-01,2004-08-27,23.16
601063,18/06/89,2004-08-27,2005-06-24,23.03
601063,18/06/89,2005-06-24,2006-01-01,21.09
601063,18/06/89,2006-01-01,2008-01-03,27.84
601063,18/06/89,2008-01-03,2009-01-01,21.08
601063,18/06/89,2009-01-01,2011-06-16,20.5
601063,18/06/89,2011-06-16,2015-10-01,21.19
601063,18/06/89,2015-10-01,2016-01-01,27.36
601063,18/06/89,2016-01-01,2016-03-25,26.41
601063,18/06/89,2016-03-25,2016-09-09,28.43
601063,18/06/89,2016-09-09,2016-11-04,17.75
601063,18/06/89,2016-11-04,2017-04-21,27.37
601063,18/06/89,2017-04-21,2019-02-08,23.55
601063,18/06/89,2019-02-08,2019-11-14,29.93
601063,18/06/89,2019-11-14,2020-03-20,32.91
601063,18/06/89,2020-03-20,2021-01-08,25.84
601063,18/06/89,2021-01-08,2022-04-08,29.93
601063,18/06/89,2022-04-08,null,30.98
652903,20/11/98,2001-11-20,2002-02-12,19.84
652903,20/11/98,2002-02-12,2003-03-13,17.96
652903,20/11/98,2003-03-13,2004-01-01,14.26
652903,20/11/98,2004-01-01,2005-06-24,16.51
652903,20/11/98,2005-06-24,2006-01-01,22.39
652903,20/11/98,2006-01-01,2006-06-02,23.08
652903,20/11/98,2006-06-02,2007-07-26,21.75
652903,20/11/98,2007-07-26,2009-01-01,19.18
652903,20/11/98,2009-01-01,2010-01-01,20.37
652903,20/11/98,2010-01-01,2011-08-11,18.93
652903,20/11/98,2011-08-11,2012-01-01,22.95
652903,20/11/98,2012-01-01,2015-10-01,19.27
652903,20/11/98,2015-10-01,2016-01-01,19.45
652903,20/11/98,2016-01-01,2016-03-25,16.23
652903,20/11/98,2016-03-25,2016-10-07,18.48
652903,20/11/98,2016-10-07,2016-11-04,23.81
652903,20/11/98,2016-11-04,2019-01-11,23.81
652903,20/11/98,2019-01-11,2019-06-27,27.05
652903,20/11/98,2019-06-27,2022-01-14,19.56
652903,20/11/98,2022-01-14,2022-10-14,19.92
652903,20/11/98,2022-10-14,2024-09-06,18.5
652903,20/11/98,2024-09-06,null,22.95
653063,18/06/89,1995-02-05,1996-06-23,8.49
653063,18/06/89,1996-06-23,1997-03-30,9.95
653063,18/06/89,1997-03-30,1997-11-17,13.8
653063,18/06/89,1997-11-17,1999-06-17,9.25
653063,18/06/89,1999-06-17,2000-02-10,10.93
653063,18/06/89,2000-02-10,2000-11-24,10.07
653063,18/06/89,2000-11-24,2001-02-16,14.27
653063,18/06/89,2001-02-16,2002-08-02,12.6
653063,18/06/89,2002-08-02,2003-03-13,11.96
653063,18/06/89,2003-03-13,2004-01-01,15.86
653063,18/06/89,2004-01-01,2004-04-02,14.28
653063,18/06/89,2004-04-02,2005-06-24,13.14
653063,18/06/89,2005-06-24,2006-01-01,13.17
653063,18/06/89,2006-01-01,2006-01-12,14.13
653063,18/06/89,2006-01-12,2006-01-13,13.76
653063,18/06/89,2006-01-13,2009-01-01,17.53
653063,18/06/89,2009-01-01,2009-07-17,14.23
653063,18/06/89,2009-07-17,2011-09-08,17.15
653063,18/06/89,2011-09-08,2015-07-16,16.73
653063,18/06/89,2015-07-16,2015-10-01,17.89
653063,18/06/89,2015-10-01,2016-01-01,16.69
653063,18/06/89,2016-01-01,2016-03-25,20.55
653063,18/06/89,2016-03-25,2016-11-04,16.55
653063,18/06/89,2016-11-04,2019-02-08,15.88
653063,18/06/89,2019-02-08,2019-05-16,23.57
653063,18/06/89,2019-05-16,2020-03-20,17.46
653063,18/06/89,2020-03-20,2021-01-08,22.93
653063,18/06/89,2021-01-08,2021-06-25,19.03
653063,18/06/89,2021-06-25,2022-04-08,15.67
653063,18/06/89,2022-04-08,2025-05-30,19.44
653063,18/06/89,2025-05-30,null,24.01
659142,23/03/09,2012-03-23,2015-10-01,10.8
659142,23/03/09,2015-10-01,2016-01-01,14.79
659142,23/03/09,2016-01-01,2016-04-22,16.65
659142,23/03/09,2016-04-22,2016-11-04,16.52
659142,23/03/09,2016-11-04,2019-02-08,16.79
659142,23/03/09,2019-02-08,2019-11-14,13.24
659142,23/03/09,2019-11-14,2020-07-10,11.13
659142,23/03/09,2020-07-10,2023-07-13,12.8
659142,23/03/09,2023-07-13,null,13.59
660205,18/06/89,1993-03-15,1994-03-28,16.85
660205,18/06/89,1994-03-28,1995-04-01,21.27
660205,18/06/89,1995-04-01,1997-02-02,24.34
660205,18/06/89,1997-02-02,1997-03-30,15.6
660205,18/06/89,1997-03-30,1997-10-05,21.39
660205,18/06/89,1997-10-05,1997-10-19,16.1
660205,18/06/89,1997-10-19,1997-11-17,13.89
660205,18/06/89,1997-11-17,1998-01-05,17.19
660205,18/06/89,1998-01-05,1998-01-26,19.81
660205,18/06/89,1998-01-26,2000-10-13,17.81
660205,18/06/89,2000-10-13,2003-03-13,15.66
660205,18/06/89,2003-03-13,2004-01-01,19.74
660205,18/06/89,2004-01-01,2004-04-02,24.68
660205,18/06/89,2004-04-02,2005-06-24,21.36
660205,18/06/89,2005-06-24,2006-01-01,15.95
660205,18/06/89,2006-01-01,2006-03-30,21.72
660205,18/06/89,2006-03-30,2006-03-31,17.3
660205,18/06/89,2006-03-31,2006-04-01,15.58
660205,18/06/89,2006-04-01,2006-04-02,24.24
660205,18/06/89,2006-04-02,2006-04-14,19.76
660205,18/06/89,2006-04-14,2008-06-27,18.78
660205,18/06/89,2008-06-27,2009-01-01,22.25
660205,18/06/89,2009-01-01,2009-05-29,16.66
660205,18/06/89,2009-05-29,2011-08-11,20.52
660205,18/06/89,2011-08-11,2014-03-28,23.81
660205,18/06/89,2014-03-28,2015-02-27,22.48
660205,18/06/89,2015-02-27,2015-10-01,24.58
660205,18/06/89,2015-10-01,2016-01-01,23.58
660205,18/06/89,2016-01-01,2016-01-28,26.47
660205,18/06/89,2016-01-28,2018-01-19,26.63
660205,18/06/89,2018-01-19,2019-01-11,27.99
660205,18/06/89,2019-01-11,2020-09-18,19.88
660205,18/06/89,2020-09-18,2021-06-25,24.65
660205,18/06/89,2021-06-25,2022-05-13,18.88
660205,18/06/89,2022-05-13,2022-10-14,27.58
660205,18/06/89,2022-10-14,2023-06-08,27.72
660205,18/06/89,2023-06-08,2024-09-06,26.7
660205,18/06/89,2024-09-06,2025-06-27,26.11
660205,18/06/89,2025-06-27,null,29.19
660272,18/06/91,1995-04-01,1997-10-05,9.52
660272,18/06/91,1997-10-05,1997-11-17,10.93
660272,18/06/91,1997-11-17,2000-07-14,10.71
660272,18/06/91,2000-07-14,2000-10-13,10.18
660272,18/06/91,2000-10-13,2002-03-22,11.51
660272,18/06/91,2002-03-22,2003-06-05,11.61
660272,18/06/91,2003-06-05,2004-01-01,10.88
660272,18/06/91,2004-01-01,2004-04-02,11.6
660272,18/06/91,2004-04-02,2006-01-01,12.57
660272,18/06/91,2006-01-01,2009-01-01,10.16
660272,18/06/91,2009-01-01,2012-03-09,9.19
660272,18/06/91,2012-03-09,2014-02-28,11.37
660272,18/06/91,2014-02-28,2015-10-01,12.39
660272,18/06/91,2015-10-01,2016-01-01,14.23
660272,18/06/91,2016-01-01,2016-02-25,12.91
660272,18/06/91,2016-02-25,2016-10-07,19.75
660272,18/06/91,2016-10-07,2016-11-04,14.55
660272,18/06/91,2016-11-04,2017-01-27,17.51
660272,18/06/91,2017-01-27,2019-01-11,13.23
660272,18/06/91,2019-01-11,2019-11-14,15.32
660272,18/06/91,2019-11-14,2021-06-25,12.24
660272,18/06/91,2021-06-25,2022-04-08,16.18
660272,18/06/91,2022-04-08,2022-10-14,16.53
660272,18/06/91,2022-10-14,2025-05-30,14.4
660272,18/06/91,2025-05-30,null,18.61
669008,29/03/94,1997-04-27,1997-11-17,6.9
669008,29/03/94,1997-11-17,1998-04-06,6.07
669008,29/03/94,1998-04-06,1999-04-09,7.89
669008,29/03/94,1999-04-09,1999-08-26,9.7
669008,29/03/94,1999-08-26,2001-02-13,7.61
669008,29/03/94,2001-02-13,2003-03-13,9.27
669008,29/03/94,2003-03-13,2006-01-01,9.01
669008,29/03/94,2006-01-01,2006-02-05,9.93
669008,29/03/94,2006-02-05,2006-06-04,10.08
669008,29/03/94,2006-06-04,2007-06-21,9.86
669008,29/03/94,2007-06-21,2007-07-26,11.08
669008,29/03/94,2007-07-26,2009-01-01,11.19
669008,29/03/94,2009-01-01,2011-05-19,8.99
669008,29/03/94,2011-05-19,2011-08-11,8.83
669008,29/03/94,2011-08-11,2014-04-25,11.02
669008,29/03/94,2014-04-25,2014-09-12,11.3
669008,29/03/94,2014-09-12,2015-08-13,13.78
669008,29/03/94,2015-08-13,2015-10-01,15.68
669008,29/03/94,2015-10-01,2016-01-01,12.87
669008,29/03/94,2016-01-01,2016-04-22,17.8
669008,29/03/94,2016-04-22,2016-11-04,17.08
669008,29/03/94,2016-11-04,2017-01-27,15.45
669008,29/03/94,2017-01-27,2019-04-18,14.52
669008,29/03/94,2019-04-18,2019-11-14,11.1
669008,29/03/94,2019-11-14,2020-07-10,13.1
669008,29/03/94,2020-07-10,2022-01-14,13.95
669008,29/03/94,2022-01-14,2025-04-11,13.11
669008,29/03/94,2025-04-11,null,16.43
669431,17/09/93,1997-03-30,1997-11-17,15.24
669431,17/09/93,1997-11-17,1998-01-05,20.39
669431,17/09/93,1998-01-05,1998-02-02,16.33
669431,17/09/93,1998-02-02,2000-11-03,16.2
669431,17/09/93,2000-11-03,2001-01-05,15.69
669431,17/09/93,2001-01-05,2001-02-09,15.84
669431,17/09/93,2001-02-09,2003-03-13,13.96
669431,17/09/93,2003-03-13,2004-01-01,13.34
669431,17/09/93,2004-01-01,2005-06-24,20.84
669431,17/09/93,2005-06-24,2006-01-01,13.51
669431,17/09/93,2006-01-01,2006-06-30,20.88
669431,17/09/93,2006-06-30,2006-12-01,18.53
669431,17/09/93,2006-12-01,2009-01-01,23.25
669431,17/09/93,2009-01-01,2011-01-28,16.4
669431,17/09/93,2011-01-28,2014-03-28,18.11
669431,17/09/93,2014-03-28,2015-06-18,15.85
669431,17/09/93,2015-06-18,2015-10-01,21.5
669431,17/09/93,2015-10-01,2016-01-01,23.62
669431,17/09/93,2016-01-01,2016-03-25,19.89
669431,17/09/93,2016-03-25,2016-11-04,19.88
669431,17/09/93,2016-11-04,2018-03-23,29.21
669431,17/09/93,2018-03-23,2019-02-08,21.38
669431,17/09/93,2019-02-08,2019-06-27,30.92
669431,17/09/93,2019-06-27,2020-08-14,25.13
669431,17/09/93,2020-08-14,2021-01-08,22.95
669431,17/09/93,2021-01-08,2021-06-25,23.86
669431,17/09/93,2021-06-25,2022-11-25,17.46
669431,17/09/93,2022-11-25,2025-05-30,24.63
669431,17/09/93,2025-05-30,null,23.5
671622,11/03/92,1995-04-01,1996-04-14,15.44
671622,11/03/92,1996-04-14,1996-05-06,10.29
671622,11/03/92,1996-05-06,1996-08-11,13.73
671622,11/03/92,1996-08-11,1996-09-01,11.81
671622,11/03/92,1996-09-01,1997-03-30,13.77
671622,11/03/92,1997-03-30,1997-11-17,16.04
671622,11/03/92,1997-11-17,2000-05-12,9.68
671622,11/03/92,2000-05-12,2000-10-06,12.19
671622,11/03/92,2000-10-06,2002-03-22,13.25
671622,11/03/92,2002-03-22,2003-03-13,13.01
671622,11/03/92,2003-03-13,2004-01-01,15.01
671622,11/03/92,2004-01-01,2004-07-30,15.96
671622,11/03/92,2004-07-30,2005-06-24,14.43
671622,11/03/92,2005-06-24,2005-07-29,15.93
671622,11/03/92,2005-07-29,2006-01-01,16.18
671622,11/03/92,2006-01-01,2006-12-01,15.33
671622,11/03/92,2006-12-01,2007-09-20,13.43
671622,11/03/92,2007-09-20,2009-01-01,14.92
671622,11/03/92,2009-01-01,2011-08-04,18.05
671622,11/03/92,2011-08-04,2015-03-26,18.77
671622,11/03/92,2015-03-26,2015-08-13,17.54
671622,11/03/92,2015-08-13,2015-10-01,14.54
671622,11/03/92,2015-10-01,2016-01-01,19.68
671622,11/03/92,2016-01-01,2016-02-25,17.42
671622,11/03/92,2016-02-25,2016-10-07,21.53
671622,11/03/92,2016-10-07,2016-11-04,18.41
671622,11/03/92,2016-11-04,2019-11-14,19.16
671622,11/03/92,2019-11-14,2020-03-20,17.04
671622,11/03/92,2020-03-20,2022-01-14,20.14
671622,11/03/92,2022-01-14,2022-10-14,18.92
671622,11/03/92,2022-10-14,2025-05-02,16.82
671622,11/03/92,2025-05-02,null,25.62
671711,29/06/92,1996-05-12,1997-03-30,25.89
671711,29/06/92,1997-03-30,1997-11-17,23.86
671711,29/06/92,1997-11-17,2000-10-06,20.95
671711,29/06/92,2000-10-06,2003-03-13,19.56
671711,29/06/92,2003-03-13,2004-01-01,23.01
671711,29/06/92,2004-01-01,2004-07-30,29.66
671711,29/06/92,2004-07-30,2005-06-24,27.13
671711,29/06/92,2005-06-24,2005-09-09,28.07
671711,29/06/92,2005-09-09,2006-01-01,30.68
671711,29/06/92,2006-01-01,2006-11-30,35.52
671711,29/06/92,2006-11-30,2006-12-01,29.48
671711,29/06/92,2006-12-01,2007-01-26,26.41
671711,29/06/92,2007-01-26,2007-09-20,25.31
671711,29/06/92,2007-09-20,2009-01-01,30.33
671711,29/06/92,2009-01-01,2010-01-01,21.7
671711,29/06/92,2010-01-01,2010-08-13,32.17
671711,29/06/92,2010-08-13,2011-05-05,34.94
671711,29/06/92,2011-05-05,2011-08-04,32.26
671711,29/06/92,2011-08-04,2015-03-12,36.56
671711,29/06/92,2015-03-12,2015-03-26,26.64
671711,29/06/92,2015-03-26,2015-05-21,28.04
671711,29/06/92,2015-05-21,2015-10-01,31.44
671711,29/06/92,2015-10-01,2016-01-01,29.07
671711,29/06/92,2016-01-01,2016-02-25,23.01
671711,29/06/92,2016-02-25,2016-11-04,30.03
671711,29/06/92,2016-11-04,2018-10-05,31.02
671711,29/06/92,2018-10-05,2019-02-08,28.29
671711,29/06/92,2019-02-08,2020-02-20,26.63
671711,29/06/92,2020-02-20,2021-01-08,32.82
671711,29/06/92,2021-01-08,2022-05-20,32.78
671711,29/06/92,2022-05-20,2022-10-14,32.65
671711,29/06/92,2022-10-14,2024-11-01,36.8
671711,29/06/92,2024-11-01,2025-05-02,32.27
671711,29/06/92,2025-05-02,2025-09-19,29.74
671711,29/06/92,2025-09-19,null,36.77
690600,18/06/89,1994-03-14,1995-03-04,12.44
690600,18/06/89,1995-03-04,1996-02-24,11.42
690600,18/06/89,1996-02-24,1997-03-30,11.57
690600,18/06/89,1997-03-30,1997-11-17,15.13
690600,18/06/89,1997-11-17,1999-04-15,10.23
690600,18/06/89,1999-04-15,2000-11-03,10.64
690600,18/06/89,2000-11-03,2003-03-13,14.55
690600,18/06/89,2003-03-13,2004-01-01,15.1
690600,18/06/89,2004-01-01,2004-04-02,12.12
690600,18/06/89,2004-04-02,2005-06-24,10.5
690600,18/06/89,2005-06-24,2005-07-29,17.79
690600,18/06/89,2005-07-29,2006-01-01,16.12
690600,18/06/89,2006-01-01,2006-06-29,18.2
690600,18/06/89,2006-06-29,2006-06-30,13.26
690600,18/06/89,2006-06-30,2009-01-01,16.83
690600,18/06/89,2009-01-01,2015-10-01,13.8
690600,18/06/89,2015-10-01,2016-01-01,16.58
690600,18/06/89,2016-01-01,2016-08-01,15.81
690600,18/06/89,2016-08-01,2017-01-27,14.59
690600,18/06/89,2017-01-27,2017-07-14,19.42
690600,18/06/89,2017-07-14,2019-02-08,12.91
690600,18/06/89,2019-02-08,2019-04-18,21.15
690600,18/06/89,2019-04-18,2021-01-08,20.74
690600,18/06/89,2021-01-08,null,21.76
690848,23/01/91,1995-03-04,1996-02-17,35.47
690848,23/01/91,1996-02-17,1997-03-30,41.94
690848,23/01/91,1997-03-30,1997-11-17,28.78
690848,23/01/91,1997-11-17,2000-11-03,49.69
690848,23/01/91,2000-11-03,2003-03-13,31.39
690848,23/01/91,2003-03-13,2003-07-10,39.75
690848,23/01/91,2003-07-10,2004-01-01,36.99
690848,23/01/91,2004-01-01,2005-07-29,33.1
690848,23/01/91,2005-07-29,2006-01-01,30.95
690848,23/01/91,2006-01-01,2006-06-30,34.88
690848,23/01/91,2006-06-30,2009-01-01,39.64
690848,23/01/91,2009-01-01,2011-01-28,44.31
690848,23/01/91,2011-01-28,2015-10-01,34.03
690848,23/01/91,2015-10-01,2016-01-01,32.83
690848,23/01/91,2016-01-01,2016-04-22,35.92
690848,23/01/91,2016-04-22,2019-03-14,35.66
690848,23/01/91,2019-03-14,2019-04-18,41.94
690848,23/01/91,2019-04-18,2020-03-20,31.21
690848,23/01/91,2020-03-20,2024-04-12,48.33
690848,23/01/91,2024-04-12,2025-09-05,44.37
690848,23/01/91,2025-09-05,null,49.56
690899,19/10/90,1994-01-03,1994-03-14,28.74
690899,19/10/90,1994-03-14,1995-03-04,26.54
690899,19/10/90,1995-03-04,1996-02-24,30.49
690899,19/10/90,1996-02-24,1997-03-30,31.13
690899,19/10/90,1997-03-30,1997-04-27,24.66
690899,19/10/90,1997-04-27,1997-11-17,32.48
690899,19/10/90,1997-11-17,1998-11-09,24.2
690899,19/10/90,1998-11-09,2000-10-27,25.73
690899,19/10/90,2000-10-27,2002-05-03,32.23
690899,19/10/90,2002-05-03,2003-03-13,27.3
690899,19/10/90,2003-03-13,2003-04-17,31.95
690899,19/10/90,2003-04-17,2003-12-04,31.7
690899,19/10/90,2003-12-04,2004-01-01,29.15
690899,19/10/90,2004-01-01,2004-04-02,28.06
690899,19/10/90,2004-04-02,2005-08-05,27.04
690899,19/10/90,2005-08-05,2005-08-18,33.74
690899,19/10/90,2005-08-18,2005-08-19,23.22
690899,19/10/90,2005-08-19,2006-01-01,25.19
690899,19/10/90,2006-01-01,2006-06-30,32.97
690899,19/10/90,2006-06-30,2008-01-03,33.77
690899,19/10/90,2008-01-03,2008-06-27,30.43
690899,19/10/90,2008-06-27,2009-01-01,33.82
690899,19/10/90,2009-01-01,2011-10-06,32.0
690899,19/10/90,2011-10-06,2015-10-01,27.89
690899,19/10/90,2015-10-01,2016-01-01,30.21
690899,19/10/90,2016-01-01,2016-01-28,30.05
690899,19/10/90,2016-01-28,2016-10-07,33.67
690899,19/10/90,2016-10-07,2016-11-04,31.67
690899,19/10/90,2016-11-04,2017-07-14,25.87
690899,19/10/90,2017-07-14,2018-01-19,27.03
690899,19/10/90,2018-01-19,2019-01-11,33.04
690899,19/10/90,2019-01-11,2021-02-26,34.84
690899,19/10/90,2021-02-26,2022-05-13,40.57
690899,19/10/90,2022-05-13,2024-09-06,37.5
690899,19/10/90,2024-09-06,2025-09-19,37.19
690899,19/10/90,2025-09-19,null,48.15
691011,25/05/90,1994-02-06,1994-07-10,32.38
691011,25/05/90,1994-07-10,1995-02-05,36.99
691011,25/05/90,1995-02-05,1995-05-06,37.33
691011,25/05/90,1995-05-06,1995-11-04,48.52
691011,25/05/90,1995-11-04,1996-01-20,44.93
691011,25/05/90,1996-01-20,1996-11-17,34.78
691011,25/05/90,1996-11-17,1996-12-01,43.18
691011,25/05/90,1996-12-01,1996-12-07,43.29
691011,25/05/90,1996-12-07,1996-12-29,28.19
691011,25/05/90,1996-12-29,1997-11-17,34.84
691011,25/05/90,1997-11-17,2000-10-27,33.49
691011,25/05/90,2000-10-27,2002-04-19,31.22
691011,25/05/90,2002-04-19,2003-03-13,42.01
691011,25/05/90,2003-03-13,2003-12-04,36.98
691011,25/05/90,2003-12-04,2004-01-01,30.16
691011,25/05/90,2004-01-01,2004-06-25,36.6
691011,25/05/90,2004-06-25,2005-07-08,42.28
691011,25/05/90,2005-07-08,2006-01-01,42.37
691011,25/05/90,2006-01-01,2006-11-30,46.46
691011,25/05/90,2006-11-30,2006-12-01,49.8
691011,25/05/90,2006-12-01,2007-01-26,46.09
691011,25/05/90,2007-01-26,2009-01-01,43.0
691011,25/05/90,2009-01-01,2010-07-09,34.47
691011,25/05/90,2010-07-09,2015-10-01,43.27
691011,25/05/90,2015-10-01,2016-01-01,46.79
691011,25/05/90,2016-01-01,2016-02-25,49.31
691011,25/05/90,2016-02-25,2016-11-04,38.28
691011,25/05/90,2016-11-04,2017-07-14,59.39
691011,25/05/90,2017-07-14,2018-10-05,44.64
691011,25/05/90,2018-10-05,2019-01-11,36.51
691011,25/05/90,2019-01-11,2019-11-14,39.29
691011,25/05/90,2019-11-14,2020-03-20,43.3
691011,25/05/90,2020-03-20,2021-01-08,48.2
691011,25/05/90,2021-01-08,2022-05-13,52.04
691011,25/05/90,2022-05-13,2024-09-06,59.85
691011,25/05/90,2024-09-06,2025-10-17,54.29
691011,25/05/90,2025-10-17,null,45.09
691046,29/07/99,2002-07-29,2004-01-01,92.12
691046,29/07/99,2004-01-01,2005-06-24,88.19
691046,29/07/99,2005-06-24,2006-01-01,71.16
691046,29/07/99,2006-01-01,2006-12-01,103.47
691046,29/07/99,2006-12-01,2009-01-01,83.04
691046,29/07/99,2009-01-01,2010-07-09,69.5
691046,29/07/99,2010-07-09,2015-10-01,99.6
691046,29/07/99,2015-10-01,2016-01-01,85.42
691046,29/07/99,2016-01-01,2016-04-22,93.13
691046,29/07/99,2016-04-22,2018-08-10,86.5
691046,29/07/99,2018-08-10,2019-03-14,63.53
691046,29/07/99,2019-03-14,2019-04-18,102.8
691046,29/07/99,2019-04-18,2019-11-14,94.33
691046,29/07/99,2019-11-14,2022-05-13,97.75
691046,29/07/99,2022-05-13,2024-05-10,99.18
691046,29/07/99,2024-05-10,2025-09-19,111.96
691046,29/07/99,2025-09-19,2025-10-17,89.27
691046,29/07/99,2025-10-17,null,110.16
691283,29/01/92,1997-11-17,2001-04-06,22.1
691283,29/01/92,2001-04-06,2002-04-19,20.96
691283,29/01/92,2002-04-19,2003-03-13,18.93
691283,29/01/92,2003-03-13,2004-01-01,17.12
691283,29/01/92,2004-01-01,2006-01-01,16.99
691283,29/01/92,2006-01-01,2006-12-01,23.38
691283,29/01/92,2006-12-01,2009-01-01,17.62
691283,29/01/92,2009-01-01,2010-02-27,23.73
691283,29/01/92,2010-02-27,2012-11-09,25.9
691283,29/01/92,2012-11-09,2015-10-01,29.72
691283,29/01/92,2015-10-01,2016-01-01,24.51
691283,29/01/92,2016-01-01,2016-03-25,20.78
691283,29/01/92,2016-03-25,2016-11-04,27.26
691283,29/01/92,2016-11-04,2021-01-08,26.96
691283,29/01/92,2021-01-08,null,33.54
701521,19/08/15,2018-08-19,2021-05-28,65.04
701521,19/08/15,2021-05-28,2022-10-14,53.18
701521,19/08/15,2022-10-14,2023-07-13,55.45
701521,19/08/15,2023-07-13,2024-11-01,53.75
701521,19/08/15,2024-11-01,null,50.52
703664,23/05/16,2019-05-23,2025-05-02,58.01
703664,23/05/16,2025-05-02,null,61.62
704598,28/07/15,2018-07-28,2018-11-16,73.99
704598,28/07/15,2018-11-16,2025-02-07,61.12
704598,28/07/15,2025-02-07,null,50.61
705292,20/09/13,2016-09-20,2018-04-13,75.76
705292,20/09/13,2018-04-13,2019-04-18,79.13
705292,20/09/13,2019-04-18,2019-05-16,68.55
705292,20/09/13,2019-05-16,2021-01-08,54.02
705292,20/09/13,2021-01-08,2022-04-08,50.55
705292,20/09/13,2022-04-08,2024-09-06,58.86
705292,20/09/13,2024-09-06,null,67.26
707309,01/09/09,2012-09-01,2014-08-15,24.36
707309,01/09/09,2014-08-15,2015-10-01,21.96
707309,01/09/09,2015-10-01,2016-01-01,21.45
707309,01/09/09,2016-01-01,2016-04-22,26.32
707309,01/09/09,2016-04-22,2017-01-27,24.78
707309,01/09/09,2017-01-27,2018-11-16,36.07
707309,01/09/09,2018-11-16,2019-02-08,32.82
707309,01/09/09,2019-02-08,2020-03-20,40.45
707309,01/09/09,2020-03-20,2022-10-14,32.38
707309,01/09/09,2022-10-14,2023-07-13,36.72
707309,01/09/09,2023-07-13,2025-05-16,37.86
707309,01/09/09,2025-05-16,null,47.91
708305,07/03/96,1999-03-07,2001-02-02,37.56
708305,07/03/96,2001-02-02,2002-09-20,32.96
708305,07/03/96,2002-09-20,2003-03-13,49.45
708305,07/03/96,2003-03-13,2004-01-01,49.88
708305,07/03/96,2004-01-01,2005-06-24,43.66
708305,07/03/96,2005-06-24,2006-01-01,56.71
708305,07/03/96,2006-01-01,2006-10-27,42.19
708305,07/03/96,2006-10-27,2009-01-01,47.77
708305,07/03/96,2009-01-01,2010-05-07,42.18
708305,07/03/96,2010-05-07,2011-12-01,38.58
708305,07/03/96,2011-12-01,2015-08-13,57.58
708305,07/03/96,2015-08-13,2015-10-01,41.0
708305,07/03/96,2015-10-01,2016-01-01,53.99
708305,07/03/96,2016-01-01,2016-04-22,49.87
708305,07/03/96,2016-04-22,2016-11-04,41.95
708305,07/03/96,2016-11-04,2019-01-11,57.52
708305,07/03/96,2019-01-11,2019-04-18,55.24
708305,07/03/96,2019-04-18,2021-02-26,69.75
708305,07/03/96,2021-02-26,2022-10-14,51.13
708305,07/03/96,2022-10-14,2023-07-13,59.94
708305,07/03/96,2023-07-13,2025-06-13,71.83
708305,07/03/96,2025-06-13,null,48.46
708453,14/02/01,2004-02-14,2005-06-24,64.02
708453,14/02/01,2005-06-24,2006-01-01,81.94
708453,14/02/01,2006-01-01,2006-12-01,77.36
708453,14/02/01,2006-12-01,2009-01-01,60.24
708453,14/02/01,2009-01-01,2009-07-17,80.71
708453,14/02/01,2009-07-17,2011-07-14,56.54
708453,14/02/01,2011-07-14,2015-10-01,60.55
708453,14/02/01,2015-10-01,2016-01-01,62.91
708453,14/02/01,2016-01-01,2016-04-22,50.37
708453,14/02/01,2016-04-22,2018-09-14,59.59
708453,14/02/01,2018-09-14,2019-02-08,67.49
708453,14/02/01,2019-02-08,2019-04-18,77.52
708453,14/02/01,2019-04-18,2020-07-10,65.94
708453,14/02/01,2020-07-10,2025-10-31,70.83
708453,14/02/01,2025-10-31,null,70.23
712183,23/03/17,2020-03-23,2020-09-18,57.66
712183,23/03/17,2020-09-18,2024-04-12,48.2
712183,23/03/17,2024-04-12,null,46.78
712205,28/03/00,2003-03-28,2004-01-01,35.88
712205,28/03/00,2004-01-01,2005-10-28,34.5
712205,28/03/00,2005-10-28,2006-01-01,40.16
712205,28/03/00,2006-01-01,2006-07-28,41.69
712205,28/03/00,2006-07-28,2006-12-01,42.62
712205,28/03/00,2006-12-01,2007-02-10,51.31
712205,28/03/00,2007-02-10,2007-04-26,51.45
712205,28/03/00,2007-04-26,2009-01-01,34.77
712205,28/03/00,2009-01-01,2010-02-26,35.24
712205,28/03/00,2010-02-26,2011-04-21,51.19
712205,28/03/00,2011-04-21,2015-08-13,34.68
712205,28/03/00,2015-08-13,2015-10-01,38.92
712205,28/03/00,2015-10-01,2016-01-01,55.44
712205,28/03/00,2016-01-01,2016-04-22,43.4
712205,28/03/00,2016-04-22,2020-01-09,43.07
712205,28/03/00,2020-01-09,2022-04-08,41.82
712205,28/03/00,2022-04-08,2025-05-30,58.26
712205,28/03/00,2025-05-30,null,51.4
712558,23/09/16,2019-09-23,2024-02-08,79.57
712558,23/09/16,2024-02-08,null,54.09
719137,24/10/08,2011-10-24,2012-08-10,28.42
719137,24/10/08,2012-08-10,2014-05-23,27.61
719137,24/10/08,2014-05-23,2015-02-27,30.47
719137,24/10/08,2015-02-27,2015-10-01,32.15
719137,24/10/08,2015-10-01,2016-01-01,30.22
719137,24/10/08,2016-01-01,2016-04-22,30.03
719137,24/10/08,2016-04-22,2016-11-04,27.52
719137,24/10/08,2016-11-04,2018-08-10,34.64
719137,24/10/08,2018-08-10,2019-06-27,26.21
719137,24/10/08,2019-06-27,2022-05-13,36.32
719137,24/10/08,2022-05-13,2024-04-12,32.82
719137,24/10/08,2024-04-12,2025-05-30,29.61
719137,24/10/08,2025-05-30,null,34.63
729116,03/05/13,2016-05-03,2019-06-27,50.53
729116,03/05/13,2019-06-27,2025-01-10,33.93
729116,03/05/13,2025-01-10,null,39.94
729841,10/06/15,2018-06-10,2022-01-14,38.78
729841,10/06/15,2022-01-14,null,44.72
741418,18/06/89,1992-10-05,1993-04-11,12.47
741418,18/06/89,1993-04-11,1994-03-14,11.63
741418,18/06/89,1994-03-14,1995-03-04,14.81
741418,18/06/89,1995-03-04,1997-03-30,15.71
741418,18/06/89,1997-03-30,1997-11-17,18.99
741418,18/06/89,1997-11-17,2000-10-13,21.24
741418,18/06/89,2000-10-13,2003-03-20,18.8
741418,18/06/89,2003-03-20,2003-07-10,22.88
741418,18/06/89,2003-07-10,2004-01-01,20.02
741418,18/06/89,2004-01-01,2004-04-02,20.16
741418,18/06/89,2004-04-02,2005-06-24,19.62
741418,18/06/89,2005-06-24,2005-07-29,21.25
741418,18/06/89,2005-07-29,2006-01-01,20.61
741418,18/06/89,2006-01-01,2006-06-30,19.38
741418,18/06/89,2006-06-30,2006-12-01,20.87
741418,18/06/89,2006-12-01,2008-08-22,17.81
741418,18/06/89,2008-08-22,2009-01-01,18.94
741418,18/06/89,2009-01-01,2010-08-13,21.63
741418,18/06/89,2010-08-13,2011-05-05,23.53
741418,18/06/89,2011-05-05,2011-08-11,18.51
741418,18/06/89,2011-08-11,2015-08-13,25.31
741418,18/06/89,2015-08-13,2015-10-01,17.8
741418,18/06/89,2015-10-01,2016-01-01,23.6
741418,18/06/89,2016-01-01,2016-04-22,24.18
741418,18/06/89,2016-04-22,2016-11-04,24.1
741418,18/06/89,2016-11-04,2019-02-08,18.3
741418,18/06/89,2019-02-08,2019-04-18,23.76
741418,18/06/89,2019-04-18,2019-11-14,20.47
741418,18/06/89,2019-11-14,2020-03-20,29.07
741418,18/06/89,2020-03-20,2021-01-08,24.53
741418,18/06/89,2021-01-08,2022-01-14,21.6
741418,18/06/89,2022-01-14,2022-10-14,25.9
741418,18/06/89,2022-10-14,2024-04-12,28.4
741418,18/06/89,2024-04-12,2025-05-02,39.73
741418,18/06/89,2025-05-02,null,31.97
741469,18/06/89,1992-10-26,1994-03-14,30.35
741469,18/06/89,1994-03-14,1995-03-04,30.6
741469,18/06/89,1995-03-04,1997-03-30,25.75
741469,18/06/89,1997-03-30,1997-11-17,36.37
741469,18/06/89,1997-11-17,1999-12-09,31.89
741469,18/06/89,1999-12-09,2000-01-06,30.4
741469,18/06/89,2000-01-06,2000-10-13,29.87
741469,18/06/89,2000-10-13,2001-02-09,36.26
741469,18/06/89,2001-02-09,2001-09-07,25.51
741469,18/06/89,2001-09-07,2003-03-20,34.26
741469,18/06/89,2003-03-20,2004-01-01,24.32
741469,18/06/89,2004-01-01,2004-04-02,34.77
741469,18/06/89,2004-04-02,2005-08-05,25.39
741469,18/06/89,2005-08-05,2006-01-01,40.19
741469,18/06/89,2006-01-01,2006-07-30,34.99
741469,18/06/89,2006-07-30,2006-11-30,39.5
741469,18/06/89,2006-11-30,2006-12-01,34.26
741469,18/06/89,2006-12-01,2007-01-26,33.76
741469,18/06/89,2007-01-26,2008-08-22,37.77
741469,18/06/89,2008-08-22,2009-01-01,33.91
741469,18/06/89,2009-01-01,2011-09-08,34.37
741469,18/06/89,2011-09-08,2014-06-13,34.94
741469,18/06/89,2014-06-13,2015-10-01,40.68
741469,18/06/89,2015-10-01,2016-01-01,41.2
741469,18/06/89,2016-01-01,2016-03-25,38.41
741469,18/06/89,2016-03-25,2016-11-04,40.74
741469,18/06/89,2016-11-04,2018-01-19,42.95
741469,18/06/89,2018-01-19,2018-08-10,49.62
741469,18/06/89,2018-08-10,2019-01-11,43.63
741469,18/06/89,2019-01-11,2020-01-09,36.89
741469,18/06/89,2020-01-09,2020-07-10,45.38
741469,18/06/89,2020-07-10,2022-04-08,39.36
741469,18/06/89,2022-04-08,2022-10-14,41.49
741469,18/06/89,2022-10-14,2024-04-12,41.55
741469,18/06/89,2024-04-12,2025-05-02,46.54
741469,18/06/89,2025-05-02,null,45.9
748536,23/02/06,2009-02-23,2010-08-13,45.93
748536,23/02/06,2010-08-13,2011-05-05,45.51
748536,23/02/06,2011-05-05,2011-09-08,45.57
748536,23/02/06,2011-09-08,2014-12-05,47.89
748536,23/02/06,2014-12-05,2015-10-01,43.42
748536,23/02/06,2015-10-01,2016-01-01,41.29
748536,23/02/06,2016-01-01,2016-03-25,37.95
748536,23/02/06,2016-03-25,2016-11-04,47.69
748536,23/02/06,2016-11-04,2018-04-13,44.17
748536,23/02/06,2018-04-13,2019-02-08,44.45
748536,23/02/06,2019-02-08,2021-01-08,62.32
748536,23/02/06,2021-01-08,2022-10-14,66.21
748536,23/02/06,2022-10-14,2024-04-12,53.73
748536,23/02/06,2024-04-12,2025-05-02,44.2
748536,23/02/06,2025-05-02,null,61.51
761036,13/08/96,1999-08-13,2000-10-06,19.28
761036,13/08/96,2000-10-06,2003-03-20,19.77
761036,13/08/96,2003-03-20,2003-12-04,22.73
761036,13/08/96,2003-12-04,2004-01-01,18.1
761036,13/08/96,2004-01-01,2005-06-24,22.16
761036,13/08/96,2005-06-24,2006-01-01,22.08
761036,13/08/96,2006-01-01,2008-08-01,26.22
761036,13/08/96,2008-08-01,2009-01-01,19.72
761036,13/08/96,2009-01-01,2009-05-01,18.53
761036,13/08/96,2009-05-01,2010-05-07,19.65
761036,13/08/96,2010-05-07,2011-02-11,21.58
761036,13/08/96,2011-02-11,2013-01-18,27.83
761036,13/08/96,2013-01-18,2014-04-25,29.27
761036,13/08/96,2014-04-25,2015-02-27,28.35
761036,13/08/96,2015-02-27,2015-10-01,22.67
761036,13/08/96,2015-10-01,2016-01-01,31.06
761036,13/08/96,2016-01-01,2016-01-28,27.75
761036,13/08/96,2016-01-28,2016-11-04,23.78
761036,13/08/96,2016-11-04,2018-10-05,28.02
761036,13/08/96,2018-10-05,2019-02-08,26.76
761036,13/08/96,2019-02-08,2019-08-22,25.42
761036,13/08/96,2019-08-22,2019-11-21,29.09
761036,13/08/96,2019-11-21,2020-01-09,20.61
761036,13/08/96,2020-01-09,2021-07-30,20.44
761036,13/08/96,2021-07-30,2022-05-20,24.16
761036,13/08/96,2022-05-20,2022-10-14,27.62
761036,13/08/96,2022-10-14,2024-11-01,22.56
761036,13/08/96,2024-11-01,2025-06-27,30.81
761036,13/08/96,2025-06-27,null,31.32
761095,02/06/05,2008-06-02,2008-08-01,22.56
761095,02/06/05,2008-08-01,2009-01-01,18.78
761095,02/06/05,2009-01-01,2009-05-01,22.99
761095,02/06/05,2009-05-01,2010-05-07,23.51
761095,02/06/05,2010-05-07,2011-02-11,23.0
761095,02/06/05,2011-02-11,2013-01-18,20.33
761095,02/06/05,2013-01-18,2014-05-23,18.71
761095,02/06/05,2014-05-23,2015-02-27,25.77
761095,02/06/05,2015-02-27,2015-10-01,30.59
761095,02/06/05,2015-10-01,2016-01-01,24.05
761095,02/06/05,2016-01-01,2022-10-14,24.99
761095,02/06/05,2022-10-14,2022-11-25,26.35
761095,02/06/05,2022-11-25,2024-11-01,24.34
761095,02/06/05,2024-11-01,2025-06-27,29.16
761095,02/06/05,2025-06-27,null,37.49
761109,02/06/05,2008-06-02,2008-08-01,25.25
761109,02/06/05,2008-08-01,2009-01-01,15.97
761109,02/06/05,2009-01-01,2009-05-01,20.85
761109,02/06/05,2009-05-01,2010-05-07,24.95
761109,02/06/05,2010-05-07,2011-02-11,24.9
761109,02/06/05,2011-02-11,2013-01-18,20.47
761109,02/06/05,2013-01-18,2014-04-25,24.01
761109,02/06/05,2014-04-25,2015-02-27,29.93
761109,02/06/05,2015-02-27,2015-10-01,25.19
761109,02/06/05,2015-10-01,2016-01-01,28.11
761109,02/06/05,2016-01-01,2016-01-28,25.08
761109,02/06/05,2016-01-28,2016-11-04,22.28
761109,02/06/05,2016-11-04,2018-10-05,25.49
761109,02/06/05,2018-10-05,2019-01-11,31.03
761109,02/06/05,2019-01-11,2020-01-09,20.26
761109,02/06/05,2020-01-09,2021-07-30,31.79
761109,02/06/05,2021-07-30,2022-05-20,25.09
761109,02/06/05,2022-05-20,2022-10-14,34.42
761109,02/06/05,2022-10-14,2024-11-01,24.15
761109,02/06/05,2024-11-01,2025-06-27,30.89
761109,02/06/05,2025-06-27,null,21.71
762164,07/03/94,1997-03-23,1997-03-30,18.46
762164,07/03/94,1997-03-30,1997-11-17,22.41
762164,07/03/94,1997-11-17,2000-10-06,16.06
762164,07/03/94,2000-10-06,2003-03-20,16.63
762164,07/03/94,2003-03-20,2003-12-04,15.21
762164,07/03/94,2003-12-04,2004-01-01,18.53
762164,07/03/94,2004-01-01,2004-02-05,19.95
762164,07/03/94,2004-02-05,2004-03-05,14.12
762164,07/03/94,2004-03-05,2005-07-08,24.26
762164,07/03/94,2005-07-08,2005-07-29,15.61
762164,07/03/94,2005-07-29,2006-01-01,20.38
762164,07/03/94,2006-01-01,2008-06-27,25.33
762164,07/03/94,2008-06-27,2008-07-18,23.56
762164,07/03/94,2008-07-18,2009-01-01,21.34
762164,07/03/94,2009-01-01,2009-04-03,19.64
762164,07/03/94,2009-04-03,2010-01-01,26.65
762164,07/03/94,2010-01-01,2011-02-11,21.78
762164,07/03/94,2011-02-11,2011-09-08,21.56
762164,07/03/94,2011-09-08,2013-01-18,18.06
762164,07/03/94,2013-01-18,2014-04-25,23.89
762164,07/03/94,2014-04-25,2015-02-27,21.58
762164,07/03/94,2015-02-27,2015-10-01,21.57
762164,07/03/94,2015-10-01,2016-01-01,23.57
762164,07/03/94,2016-01-01,2016-01-28,22.92
762164,07/03/94,2016-01-28,2016-11-04,23.31
762164,07/03/94,2016-11-04,2018-01-05,21.78
762164,07/03/94,2018-01-05,2018-10-05,34.23
762164,07/03/94,2018-10-05,2019-01-11,20.07
762164,07/03/94,2019-01-11,2021-07-02,28.65
762164,07/03/94,2021-07-02,2022-04-08,22.93
762164,07/03/94,2022-04-08,2024-11-01,25.53
762164,07/03/94,2024-11-01,null,22.3
767077,02/05/13,2016-05-02,2016-11-04,23.34
767077,02/05/13,2016-11-04,2019-02-08,29.89
767077,02/05/13,2019-02-08,2019-11-21,22.2
767077,02/05/13,2019-11-21,2020-01-09,22.17
767077,02/05/13,2020-01-09,2021-07-30,30.58
767077,02/05/13,2021-07-30,2022-05-20,20.16
767077,02/05/13,2022-05-20,null,29.33
767360,07/10/15,2018-10-07,2019-11-21,26.0
767360,07/10/15,2019-11-21,2020-01-09,29.34
767360,07/10/15,2020-01-09,2021-07-30,28.38
767360,07/10/15,2021-07-30,2022-05-20,26.83
767360,07/10/15,2022-05-20,2024-11-01,25.04
767360,07/10/15,2024-11-01,2025-06-27,25.47
767360,07/10/15,2025-06-27,null,33.31
768146,27/05/11,2014-05-27,2015-08-13,34.72
768146,27/05/11,2015-08-13,2015-10-01,28.95
768146,27/05/11,2015-10-01,2016-01-01,24.38
768146,27/05/11,2016-01-01,2016-02-25,33.57
768146,27/05/11,2016-02-25,2016-09-09,33.61
768146,27/05/11,2016-09-09,2016-11-04,24.08
768146,27/05/11,2016-11-04,2018-01-19,42.82
768146,27/05/11,2018-01-19,2018-11-16,30.97
768146,27/05/11,2018-11-16,2018-11-23,22.32
768146,27/05/11,2018-11-23,2019-08-15,29.16
768146,27/05/11,2019-08-15,2021-06-25,39.04
768146,27/05/11,2021-06-25,2022-05-13,29.12
768146,27/05/11,2022-05-13,2022-10-14,35.21
768146,27/05/11,2022-10-14,2023-07-13,32.18
768146,27/05/11,2023-07-13,2025-06-27,28.23
768146,27/05/11,2025-06-27,null,34.81
768235,26/02/15,2018-02-26,2025-07-18,67.65
768235,26/02/15,2025-07-18,null,45.51
768340,13/03/15,2018-03-13,2019-01-11,30.61
768340,13/03/15,2019-01-11,2019-02-08,24.63
768340,13/03/15,2019-02-08,2019-11-14,21.92
768340,13/03/15,2019-11-14,2022-04-08,23.91
768340,13/03/15,2022-04-08,2024-11-01,25.14
768340,13/03/15,2024-11-01,null,33.43
768367,26/03/15,2018-03-26,2019-01-11,23.91
768367,26/03/15,2019-01-11,2019-02-08,34.54
768367,26/03/15,2019-02-08,2019-08-22,21.18
768367,26/03/15,2019-08-22,2021-07-02,29.2
768367,26/03/15,2021-07-02,2022-04-08,31.92
768367,26/03/15,2022-04-08,2024-11-01,27.15
768367,26/03/15,2024-11-01,null,21.27
768766,09/08/11,2014-08-09,2015-02-06,27.38
768766,09/08/11,2015-02-06,2015-10-01,23.28
768766,09/08/11,2015-10-01,2016-01-01,22.21
768766,09/08/11,2016-01-01,2016-01-28,21.68
768766,09/08/11,2016-01-28,2016-11-04,17.86
768766,09/08/11,2016-11-04,2018-01-05,22.42
768766,09/08/11,2018-01-05,2019-01-11,26.86
768766,09/08/11,2019-01-11,2021-07-02,29.53
768766,09/08/11,2021-07-02,2022-04-08,23.62
768766,09/08/11,2022-04-08,2024-11-01,24.94
768766,09/08/11,2024-11-01,null,24.89
769258,23/02/98,2001-02-23,2003-03-20,14.24
769258,23/02/98,2003-03-20,2004-01-01,16.29
769258,23/02/98,2004-01-01,2006-01-01,19.01
769258,23/02/98,2006-01-01,2009-01-01,19.16
769258,23/02/98,2009-01-01,2014-01-31,23.93
769258,23/02/98,2014-01-31,2014-05-23,26.3
769258,23/02/98,2014-05-23,2015-02-27,25.27
769258,23/02/98,2015-02-27,2015-08-13,25.15
769258,23/02/98,2015-08-13,2015-10-01,20.94
769258,23/02/98,2015-10-01,2016-01-01,30.82
769258,23/02/98,2016-01-01,2016-03-25,24.54
769258,23/02/98,2016-03-25,2016-10-07,25.42
769258,23/02/98,2016-10-07,2016-11-04,22.72
769258,23/02/98,2016-11-04,2018-01-19,29.45
769258,23/02/98,2018-01-19,2023-07-13,25.98
769258,23/02/98,2023-07-13,null,33.06
769444,19/08/15,2018-08-19,2018-09-07,24.28
769444,19/08/15,2018-09-07,2021-07-23,24.95
769444,19/08/15,2021-07-23,2022-10-14,26.23
769444,19/08/15,2022-10-14,2023-07-13,24.69
769444,19/08/15,2023-07-13,null,27.8
769851,31/03/15,2018-03-31,2024-09-06,48.38
769851,31/03/15,2024-09-06,2024-12-06,43.04
769851,31/03/15,2024-12-06,2025-05-09,54.17
769851,31/03/15,2025-05-09,null,39.53
770299,22/07/99,2002-07-22,2003-03-20,24.51
770299,22/07/99,2003-03-20,2004-01-01,23.15
770299,22/07/99,2004-01-01,2005-06-24,22.93
770299,22/07/99,2005-06-24,2005-10-28,22.21
770299,22/07/99,2005-10-28,2006-01-01,25.44
770299,22/07/99,2006-01-01,2006-01-13,28.45
770299,22/07/99,2006-01-13,2007-09-20,24.06
770299,22/07/99,2007-09-20,2008-05-23,27.03
770299,22/07/99,2008-05-23,2009-01-01,31.4
770299,22/07/99,2009-01-01,2009-05-22,25.34
770299,22/07/99,2009-05-22,2015-10-01,20.59
770299,22/07/99,2015-10-01,2016-01-01,22.83
770299,22/07/99,2016-01-01,2017-04-21,22.69
770299,22/07/99,2017-04-21,2017-05-19,32.1
770299,22/07/99,2017-05-19,2018-08-10,30.45
770299,22/07/99,2018-08-10,2019-08-22,23.48
770299,22/07/99,2019-08-22,2020-08-14,21.45
770299,22/07/99,2020-08-14,2021-06-25,31.8
770299,22/07/99,2021-06-25,2024-04-12,34.93
770299,22/07/99,2024-04-12,2024-11-01,25.96
770299,22/07/99,2024-11-01,null,26.31
778818,13/04/00,2003-04-13,2004-01-01,32.46
778818,13/04/00,2004-01-01,2005-06-24,37.27
778818,13/04/00,2005-06-24,2006-01-01,31.02
778818,13/04/00,2006-01-01,2006-12-01,28.64
778818,13/04/00,2006-12-01,2009-01-01,35.04
778818,13/04/00,2009-01-01,2011-02-25,27.14
778818,13/04/00,2011-02-25,2015-02-27,30.82
778818,13/04/00,2015-02-27,2015-10-01,28.34
778818,13/04/00,2015-10-01,2016-01-01,27.83
778818,13/04/00,2016-01-01,2016-02-25,32.87
778818,13/04/00,2016-02-25,2016-11-04,25.43
778818,13/04/00,2016-11-04,2018-01-19,27.65
778818,13/04/00,2018-01-19,2018-08-10,36.6
778818,13/04/00,2018-08-10,2018-11-16,29.82
778818,13/04/00,2018-11-16,2019-02-08,29.88
778818,13/04/00,2019-02-08,2019-11-14,24.82
778818,13/04/00,2019-11-14,2020-02-20,33.8
778818,13/04/00,2020-02-20,2021-06-25,36.8
778818,13/04/00,2021-06-25,2022-04-08,33.31
778818,13/04/00,2022-04-08,2022-10-14,35.92
778818,13/04/00,2022-10-14,2023-07-13,37.67
778818,13/04/00,2023-07-13,2024-04-12,31.41
778818,13/04/00,2024-04-12,2025-06-27,39.07
778818,13/04/00,2025-06-27,null,24.01
779016,04/06/03,2006-06-04,2009-01-01,37.53
779016,04/06/03,2009-01-01,2015-10-01,32.0
779016,04/06/03,2015-10-01,2016-01-01,28.2
779016,04/06/03,2016-01-01,2017-03-25,24.95
779016,04/06/03,2017-03-25,2017-04-17,27.69
779016,04/06/03,2017-04-17,2022-04-08,34.53
779016,04/06/03,2022-04-08,2023-07-13,32.19
779016,04/06/03,2023-07-13,2025-08-01,44.86
779016,04/06/03,2025-08-01,null,29.93
779067,25/07/13,2016-07-25,2016-11-04,24.43
779067,25/07/13,2016-11-04,2019-02-08,29.73
779067,25/07/13,2019-02-08,2019-04-18,34.39
779067,25/07/13,2019-04-18,2019-11-14,32.31
779067,25/07/13,2019-11-14,2020-08-14,30.1
779067,25/07/13,2020-08-14,2021-02-26,41.09
779067,25/07/13,2021-02-26,2023-07-13,40.05
779067,25/07/13,2023-07-13,2025-09-19,38.29
779067,25/07/13,2025-09-19,null,47.89
779660,28/03/14,2017-03-28,2017-04-17,36.0
779660,28/03/14,2017-04-17,2019-02-08,38.03
779660,28/03/14,2019-02-08,2020-08-14,31.84
779660,28/03/14,2020-08-14,2023-07-13,32.9
779660,28/03/14,2023-07-13,null,41.06
779970,17/09/14,2017-09-17,2019-11-14,29.92
779970,17/09/14,2019-11-14,2021-02-26,25.4
779970,17/09/14,2021-02-26,null,26.13
781444,03/06/05,2008-06-03,2009-01-01,19.04
781444,03/06/05,2009-01-01,2010-01-01,27.35
781444,03/06/05,2010-01-01,2013-07-05,28.57
781444,03/06/05,2013-07-05,2014-05-16,28.74
781444,03/06/05,2014-05-16,2015-10-01,32.19
781444,03/06/05,2015-10-01,2016-01-01,23.18
781444,03/06/05,2016-01-01,2016-01-28,19.53
781444,03/06/05,2016-01-28,2016-11-04,29.86
781444,03/06/05,2016-11-04,2018-02-16,23.59
781444,03/06/05,2018-02-16,2019-02-08,33.8
781444,03/06/05,2019-02-08,2021-01-08,26.54
781444,03/06/05,2021-01-08,2021-05-28,31.38
781444,03/06/05,2021-05-28,2022-05-13,26.89
781444,03/06/05,2022-05-13,2024-11-01,29.03
781444,03/06/05,2024-11-01,null,26.4
781460,14/06/00,2003-06-14,2004-01-01,22.41
781460,14/06/00,2004-01-01,2005-06-24,21.27
781460,14/06/00,2005-06-24,2006-01-01,27.56
781460,14/06/00,2006-01-01,2009-01-01,20.91
781460,14/06/00,2009-01-01,2010-01-01,20.94
781460,14/06/00,2010-01-01,2013-07-05,25.09
781460,14/06/00,2013-07-05,2014-05-16,23.16
781460,14/06/00,2014-05-16,2015-10-01,21.76
781460,14/06/00,2015-10-01,2016-01-01,29.59
781460,14/06/00,2016-01-01,2016-01-28,20.79
781460,14/06/00,2016-01-28,2016-11-04,32.47
781460,14/06/00,2016-11-04,2018-02-16,28.08
781460,14/06/00,2018-02-16,2019-02-08,28.96
781460,14/06/00,2019-02-08,2021-01-08,29.09
781460,14/06/00,2021-01-08,2021-05-28,36.27
781460,14/06/00,2021-05-28,2022-05-13,30.84
781460,14/06/00,2022-05-13,2024-11-01,22.6
781460,14/06/00,2024-11-01,null,28.61
787191,21/03/17,2020-03-21,2021-01-08,29.39
787191,21/03/17,2021-01-08,2021-05-28,35.41
787191,21/03/17,2021-05-28,2022-05-13,27.78
787191,21/03/17,2022-05-13,2024-11-01,31.0
787191,21/03/17,2024-11-01,null,24.16
788295,07/12/15,2018-12-07,2023-04-20,54.41
788295,07/12/15,2023-04-20,null,69.22
788341,20/08/14,2017-08-20,2018-10-05,66.72
788341,20/08/14,2018-10-05,2020-07-10,41.91
788341,20/08/14,2020-07-10,2021-01-08,41.39
788341,20/08/14,2021-01-08,2021-07-23,56.74
788341,20/08/14,2021-07-23,2022-05-20,51.62
788341,20/08/14,2022-05-20,2022-11-25,37.07
788341,20/08/14,2022-11-25,2023-07-13,50.94
788341,20/08/14,2023-07-13,null,54.78
788589,19/08/15,2018-08-19,2020-07-10,36.04
788589,19/08/15,2020-07-10,2021-01-08,46.57
788589,19/08/15,2021-01-08,2021-07-23,50.45
788589,19/08/15,2021-07-23,2022-05-13,42.51
788589,19/08/15,2022-05-13,2022-11-25,50.34
788589,19/08/15,2022-11-25,2023-07-13,36.6
788589,19/08/15,2023-07-13,null,47.3
788805,25/02/94,1997-07-27,1997-08-24,16.88
788805,25/02/94,1997-08-24,1997-09-21,18.87
788805,25/02/94,1997-09-21,1997-11-17,16.11
788805,25/02/94,1997-11-17,2000-04-07,23.29
788805,25/02/94,2000-04-07,2001-01-26,23.09
788805,25/02/94,2001-01-26,2002-05-03,15.27
788805,25/02/94,2002-05-03,2003-03-20,19.28
788805,25/02/94,2003-03-20,2004-01-01,21.68
788805,25/02/94,2004-01-01,2005-06-24,18.08
788805,25/02/94,2005-06-24,2006-01-01,23.33
788805,25/02/94,2006-01-01,2006-12-01,28.04
788805,25/02/94,2006-12-01,2009-01-01,26.22
788805,25/02/94,2009-01-01,2010-01-01,27.2
788805,25/02/94,2010-01-01,2013-07-12,20.9
788805,25/02/94,2013-07-12,2014-05-16,24.03
788805,25/02/94,2014-05-16,2015-10-01,24.93
788805,25/02/94,2015-10-01,2016-01-01,25.39
788805,25/02/94,2016-01-01,2016-01-28,25.36
788805,25/02/94,2016-01-28,2016-11-04,23.77
788805,25/02/94,2016-11-04,2018-10-05,27.86
788805,25/02/94,2018-10-05,2019-02-08,25.17
788805,25/02/94,2019-02-08,2020-01-09,28.66
788805,25/02/94,2020-01-09,2021-01-08,27.97
788805,25/02/94,2021-01-08,2021-05-28,25.12
788805,25/02/94,2021-05-28,2022-05-13,23.46
788805,25/02/94,2022-05-13,2024-11-01,28.58
788805,25/02/94,2024-11-01,null,24.44
788996,15/08/07,2010-08-15,2013-07-05,25.14
788996,15/08/07,2013-07-05,2014-05-16,29.55
788996,15/08/07,2014-05-16,2015-10-01,26.47
788996,15/08/07,2015-10-01,2016-01-01,21.04
788996,15/08/07,2016-01-01,2016-01-28,18.61
788996,15/08/07,2016-01-28,2016-11-04,29.46
788996,15/08/07,2016-11-04,2018-02-16,28.18
788996,15/08/07,2018-02-16,2019-02-08,33.52
788996,15/08/07,2019-02-08,2021-01-08,30.33
788996,15/08/07,2021-01-08,2021-05-28,30.36
788996,15/08/07,2021-05-28,2022-05-13,27.93
788996,15/08/07,2022-05-13,2024-11-01,26.36
788996,15/08/07,2024-11-01,null,26.36
789267,08/12/11,2014-12-08,2015-10-01,60.42
789267,08/12/11,2015-10-01,2015-11-12,49.58
789267,08/12/11,2015-11-12,2017-10-06,44.59
789267,08/12/11,2017-10-06,2017-10-27,71.3
789267,08/12/11,2017-10-27,2019-03-10,51.67
789267,08/12/11,2019-03-10,2019-03-16,59.84
789267,08/12/11,2019-03-16,2020-07-10,53.76
789267,08/12/11,2020-07-10,2020-11-27,58.83
789267,08/12/11,2020-11-27,2022-04-08,49.67
789267,08/12/11,2022-04-08,2022-09-16,46.17
789267,08/12/11,2022-09-16,null,51.14
789356,07/03/14,2017-03-07,2017-04-17,89.49
789356,07/03/14,2017-04-17,2018-08-10,56.39
789356,07/03/14,2018-08-10,2020-07-10,41.21
789356,07/03/14,2020-07-10,2021-01-08,49.06
789356,07/03/14,2021-01-08,2021-07-23,45.97
789356,07/03/14,2021-07-23,2022-05-20,37.09
789356,07/03/14,2022-05-20,2022-11-25,48.72
789356,07/03/14,2022-11-25,2023-07-13,45.04
789356,07/03/14,2023-07-13,null,51.5
789445,04/04/14,2017-04-04,2021-01-08,15.68
789445,04/04/14,2021-01-08,2022-01-14,14.28
789445,04/04/14,2022-01-14,2024-11-01,14.83
789445,04/04/14,2024-11-01,null,16.86
789836,25/03/14,2017-03-25,2017-04-17,19.28
789836,25/03/14,2017-04-17,2019-04-18,24.84
789836,25/03/14,2019-04-18,2021-02-26,19.73
789836,25/03/14,2021-02-26,2024-07-26,21.24
789836,25/03/14,2024-07-26,null,18.28
799092,13/03/06,2009-03-13,2014-06-20,9.07
799092,13/03/06,2014-06-20,2015-02-07,11.55
799092,13/03/06,2015-02-07,2015-10-01,13.84
799092,13/03/06,2015-10-01,2016-01-01,15.73
799092,13/03/06,2016-01-01,2016-03-25,18.47
799092,13/03/06,2016-03-25,2018-01-19,14.55
799092,13/03/06,2018-01-19,2019-01-11,14.21
799092,13/03/06,2019-01-11,2019-11-14,15.64
799092,13/03/06,2019-11-14,2020-02-20,16.3
799092,13/03/06,2020-02-20,2020-11-27,16.74
799092,13/03/06,2020-11-27,2022-05-20,19.53
799092,13/03/06,2022-05-20,2023-07-13,22.01
799092,13/03/06,2023-07-13,2024-03-08,16.17
799092,13/03/06,2024-03-08,2024-04-12,17.46
799092,13/03/06,2024-04-12,null,19.5
799386,01/02/96,1999-02-01,1999-08-05,12.59
799386,01/02/96,1999-08-05,2001-02-23,11.87
799386,01/02/96,2001-02-23,2002-01-11,14.55
799386,01/02/96,2002-01-11,2002-10-25,18.37
799386,01/02/96,2002-10-25,2004-01-01,15.85
799386,01/02/96,2004-01-01,2004-06-25,16.51
799386,01/02/96,2004-06-25,2005-06-24,13.0
799386,01/02/96,2005-06-24,2005-07-29,17.67
799386,01/02/96,2005-07-29,2006-01-01,12.39
799386,01/02/96,2006-01-01,2006-06-30,15.26
799386,01/02/96,2006-06-30,2006-12-01,19.65
799386,01/02/96,2006-12-01,2008-08-22,15.81
799386,01/02/96,2008-08-22,2009-01-01,15.27
799386,01/02/96,2009-01-01,2011-05-05,17.27
799386,01/02/96,2011-05-05,2011-10-06,18.61
799386,01/02/96,2011-10-06,2014-06-15,16.93
799386,01/02/96,2014-06-15,2015-10-01,22.6
799386,01/02/96,2015-10-01,2016-01-01,22.43
799386,01/02/96,2016-01-01,2016-04-22,15.86
799386,01/02/96,2016-04-22,2016-10-07,16.12
799386,01/02/96,2016-10-07,2018-01-19,19.51
799386,01/02/96,2018-01-19,2021-07-23,18.58
799386,01/02/96,2021-07-23,2022-03-11,15.52
799386,01/02/96,2022-03-11,2022-09-16,14.66
799386,01/02/96,2022-09-16,2023-07-13,17.4
799386,01/02/96,2023-07-13,2024-04-12,18.91
799386,01/02/96,2024-04-12,2024-05-10,26.83
799386,01/02/96,2024-05-10,2024-11-01,20.15
799386,01/02/96,2024-11-01,null,20.38
801445,29/08/90,1994-01-23,1994-11-20,5.38
801445,29/08/90,1994-11-20,1995-12-14,4.75
801445,29/08/90,1995-12-14,1997-04-06,6.78
801445,29/08/90,1997-04-06,1997-11-17,6.24
801445,29/08/90,1997-11-17,2002-01-11,6.32
801445,29/08/90,2002-01-11,2003-04-06,6.44
801445,29/08/90,2003-04-06,2003-12-04,5.05
801445,29/08/90,2003-12-04,2004-01-01,5.13
801445,29/08/90,2004-01-01,2004-01-08,4.49
801445,29/08/90,2004-01-08,2004-04-30,7.28
801445,29/08/90,2004-04-30,2005-04-01,5.3
801445,29/08/90,2005-04-01,2005-04-22,6.42
801445,29/08/90,2005-04-22,2006-10-25,6.04
801445,29/08/90,2006-10-25,2009-06-19,6.63
801445,29/08/90,2009-06-19,2011-06-16,6.83
801445,29/08/90,2011-06-16,2011-12-08,7.35
801445,29/08/90,2011-12-08,2012-01-05,6.79
801445,29/08/90,2012-01-05,2012-04-20,8.8
801445,29/08/90,2012-04-20,2015-10-01,6.81
801445,29/08/90,2015-10-01,2016-01-01,8.19
801445,29/08/90,2016-01-01,2016-04-22,7.22
801445,29/08/90,2016-04-22,2018-01-28,7.93
801445,29/08/90,2018-01-28,2018-11-16,8.58
801445,29/08/90,2018-11-16,2019-03-14,9.13
801445,29/08/90,2019-03-14,2019-04-18,8.39
801445,29/08/90,2019-04-18,2021-02-26,9.17
801445,29/08/90,2021-02-26,2021-10-15,8.43
801445,29/08/90,2021-10-15,2022-03-11,9.33
801445,29/08/90,2022-03-11,2022-10-14,9.23
801445,29/08/90,2022-10-14,2025-11-28,8.77
801445,29/08/90,2025-11-28,null,12.96
803731,11/07/14,2017-07-11,2018-01-28,17.56
803731,11/07/14,2018-01-28,2019-04-18,19.06
803731,11/07/14,2019-04-18,2020-03-20,21.82
803731,11/07/14,2020-03-20,2021-02-26,27.56
803731,11/07/14,2021-02-26,2022-03-11,25.91
803731,11/07/14,2022-03-11,2022-05-13,25.65
803731,11/07/14,2022-05-13,2022-10-14,25.53
803731,11/07/14,2022-10-14,null,33.79
900095,15/01/08,2011-01-15,2012-01-05,8.4
900095,15/01/08,2012-01-05,2015-10-01,7.83
900095,15/01/08,2015-10-01,2016-01-01,8.03
900095,15/01/08,2016-01-01,2016-02-04,8.81
900095,15/01/08,2016-02-04,2017-01-30,7.74
900095,15/01/08,2017-01-30,2017-02-24,7.08
900095,15/01/08,2017-02-24,2020-03-20,7.28
900095,15/01/08,2020-03-20,2021-02-26,10.9
900095,15/01/08,2021-02-26,2022-03-11,9.53
900095,15/01/08,2022-03-11,2022-05-13,10.13
900095,15/01/08,2022-05-13,2024-04-12,8.72
900095,15/01/08,2024-04-12,null,9.18
900125,15/01/08,2011-01-15,2012-01-05,1.11
900125,15/01/08,2012-01-05,2015-10-01,1.23
900125,15/01/08,2015-10-01,2016-01-01,1.34
900125,15/01/08,2016-01-01,2016-02-04,1.74
900125,15/01/08,2016-02-04,2017-02-24,1.5
900125,15/01/08,2017-02-24,2020-03-20,1.36
900125,15/01/08,2020-03-20,2021-02-26,1.95
900125,15/01/08,2021-02-26,2022-03-11,2.22
900125,15/01/08,2022-03-11,2023-01-20,1.75
900125,15/01/08,2023-01-20,2024-04-12,1.33
900125,15/01/08,2024-04-12,null,1.4
900273,10/04/08,2011-04-10,2012-01-05,8.66
900273,10/04/08,2012-01-05,2015-10-01,10.76
900273,10/04/08,2015-10-01,2016-04-22,10.01
900273,10/04/08,2016-04-22,2018-03-23,9.81
900273,10/04/08,2018-03-23,2023-06-08,11.58
900273,10/04/08,2023-06-08,2024-02-11,16.25
900273,10/04/08,2024-02-11,null,16.64
907693,24/10/14,2017-10-24,2018-11-16,22.34
907693,24/10/14,2018-11-16,2022-10-14,24.51
907693,24/10/14,2022-10-14,2024-11-15,20.58
907693,24/10/14,2024-11-15,null,27.62
908045,08/06/15,2018-06-08,2022-10-14,14.15
908045,08/06/15,2022-10-14,2023-04-20,25.82
908045,08/06/15,2023-04-20,null,26.56
975729,25/03/14,2017-05-12,2018-11-16,2.62
975729,25/03/14,2018-11-16,2020-03-20,1.85
975729,25/03/14,2020-03-20,2020-07-10,1.86
975729,25/03/14,2020-07-10,2021-02-26,1.27
975729,25/03/14,2021-02-26,2022-03-11,1.52
975729,25/03/14,2022-03-11,2022-07-08,1.66
975729,25/03/14,2022-07-08,2024-04-12,1.62
975729,25/03/14,2024-04-12,null,1.94
975788,26/03/14,2017-05-12,2018-11-16,2.37
975788,26/03/14,2018-11-16,2020-03-20,2.84
975788,26/03/14,2020-03-20,2020-07-10,2.27
975788,26/03/14,2020-07-10,2021-02-26,2.43
975788,26/03/14,2021-02-26,2022-03-11,2.07
975788,26/03/14,2022-03-11,2022-07-08,2.0
975788,26/03/14,2022-07-08,2024-04-12,2.01
975788,26/03/14,2024-04-12,null,2.24
989045,01/03/07,2010-03-01,2011-05-05,1.83
989045,01/03/07,2011-05-05,2012-01-01,1.65
989045,01/03/07,2012-01-01,2015-10-01,1.93
989045,01/03/07,2015-10-01,2016-01-01,1.95
989045,01/03/07,2016-01-01,2016-04-22,2.11
989045,01/03/07,2016-04-22,2016-11-04,1.81
989045,01/03/07,2016-11-04,2022-07-08,1.66
989045,01/03/07,2022-07-08,2024-04-12,1.32
989045,01/03/07,2024-04-12,null,2.04
991457,29/10/97,2000-10-29,2001-05-25,10.88
991457,29/10/97,2001-05-25,2001-10-12,13.07
991457,29/10/97,2001-10-12,2004-01-01,12.03
991457,29/10/97,2004-01-01,2004-04-30,13.9
991457,29/10/97,2004-04-30,2005-04-01,10.85
991457,29/10/97,2005-04-01,2005-04-22,11.43
991457,29/10/97,2005-04-22,2012-01-05,11.08
991457,29/10/97,2012-01-05,2015-10-01,12.27
991457,29/10/97,2015-10-01,2016-04-22,15.96
991457,29/10/97,2016-04-22,2016-11-04,15.32
991457,29/10/97,2016-11-04,2022-10-14,16.89
991457,29/10/97,2022-10-14,2023-06-08,16.64
991457,29/10/97,2023-06-08,null,10.88
992534,15/12/97,2000-12-15,2004-04-09,11.74
992534,15/12/97,2004-04-09,2008-08-01,12.14
992534,15/12/97,2008-08-01,2009-07-12,13.63
992534,15/12/97,2009-07-12,2012-01-05,10.93
992534,15/12/97,2012-01-05,2012-01-26,15.92
992534,15/12/97,2012-01-26,2012-03-23,16.15
992534,15/12/97,2012-03-23,2015-10-01,10.97
992534,15/12/97,2015-10-01,2016-01-01,12.61
992534,15/12/97,2016-01-01,2016-10-07,14.63
992534,15/12/97,2016-10-07,2019-10-10,16.35
992534,15/12/97,2019-10-10,2020-09-18,13.08
992534,15/12/97,2020-09-18,2023-07-13,15.79
992534,15/12/97,2023-07-13,null,15.78
100005,28/11/16,2019-11-28,2019-11-30,7.72
100005,28/11/16,2019-11-30,2020-07-10,8.23
100005,28/11/16,2020-07-10,2022-03-11,9.36
100005,28/11/16,2022-03-11,2025-11-28,10.94
100005,28/11/16,2025-11-28,null,11.62
100013,28/11/16,2019-11-28,2019-11-30,2.57
100013,28/11/16,2019-11-30,2020-07-10,2.13
100013,28/11/16,2020-07-10,2022-03-11,2.2
100013,28/11/16,2022-03-11,2025-11-28,3.4
100013,28/11/16,2025-11-28,null,2.36
100021,01/12/16,2019-12-01,null,55.99
100048,08/12/16,2000-10-30,2004-01-01,22.86
100048,08/12/16,2004-01-01,2005-04-22,23.04
100048,08/12/16,2005-04-22,2005-10-28,24.4
100048,08/12/16,2005-10-28,2006-01-27,20.63
100048,08/12/16,2006-01-27,2006-08-11,27.95
100048,08/12/16,2006-08-11,2011-01-01,20.59
100048,08/12/16,2011-01-01,2012-01-05,19.32
100048,08/12/16,2012-01-05,2015-10-01,17.61
100048,08/12/16,2015-10-01,2016-01-01,22.57
100048,08/12/16,2016-01-01,2016-04-22,20.56
100048,08/12/16,2016-04-22,2016-11-04,24.9
100048,08/12/16,2016-11-04,2017-12-01,25.16
100048,08/12/16,2017-12-01,2019-03-14,17.47
100048,08/12/16,2019-03-14,2019-11-14,21.07
100048,08/12/16,2019-11-14,2019-12-08,22.96
100048,08/12/16,2019-12-08,2020-03-20,26.41
100048,08/12/16,2020-03-20,2020-07-10,27.81
100048,08/12/16,2020-07-10,2021-02-26,19.58
100048,08/12/16,2021-02-26,2022-04-15,21.96
100048,08/12/16,2022-04-15,null,25.59
100056,08/12/16,2019-12-08,2020-03-20,18.12
100056,08/12/16,2020-03-20,2022-04-15,17.89
100056,08/12/16,2022-04-15,null,20.64
100064,09/12/16,2019-12-09,2024-01-11,192.81
100064,09/12/16,2024-01-11,null,172.03
100080,29/12/03,2006-12-29,2008-10-24,441.13
100080,29/12/03,2008-10-24,2009-08-14,413.7
100080,29/12/03,2009-08-14,2009-10-23,352.01
100080,29/12/03,2009-10-23,2010-06-18,526.64
100080,29/12/03,2010-06-18,2011-12-01,579.73
100080,29/12/03,2011-12-01,2013-07-19,473.57
100080,29/12/03,2013-07-19,2014-09-12,468.5
100080,29/12/03,2014-09-12,2015-10-01,514.19
100080,29/12/03,2015-10-01,2016-04-22,540.4
100080,29/12/03,2016-04-22,2018-11-18,333.84
100080,29/12/03,2018-11-18,2020-01-01,506.54
100080,29/12/03,2020-01-01,2021-01-08,523.41
100080,29/12/03,2021-01-08,2022-10-14,564.04
100080,29/12/03,2022-10-14,null,385.25
100129,24/08/99,2002-08-24,2003-09-11,77.52
100129,24/08/99,2003-09-11,2004-01-01,64.81
100129,24/08/99,2004-01-01,2004-04-30,56.71
100129,24/08/99,2004-04-30,2004-10-22,84.17
100129,24/08/99,2004-10-22,2005-04-01,72.01
100129,24/08/99,2005-04-01,2007-10-25,104.62
100129,24/08/99,2007-10-25,2009-08-14,58.05
100129,24/08/99,2009-08-14,2015-10-01,94.9
100129,24/08/99,2015-10-01,null,70.74
100137,06/10/97,2000-10-06,2001-07-20,85.86
100137,06/10/97,2001-07-20,2001-10-05,75.23
100137,06/10/97,2001-10-05,2002-02-08,119.42
100137,06/10/97,2002-02-08,2004-01-01,106.22
100137,06/10/97,2004-01-01,2004-08-27,141.5
100137,06/10/97,2004-08-27,2005-04-01,155.27
100137,06/10/97,2005-04-01,2007-10-25,165.14
100137,06/10/97,2007-10-25,2008-10-24,200.17
100137,06/10/97,2008-10-24,2009-10-23,180.7
100137,06/10/97,2009-10-23,2010-06-18,229.59
100137,06/10/97,2010-06-18,2011-08-18,182.03
100137,06/10/97,2011-08-18,2013-07-19,222.33
100137,06/10/97,2013-07-19,2015-07-16,183.48
100137,06/10/97,2015-07-16,2015-10-01,202.76
100137,06/10/97,2015-10-01,2016-04-22,214.27
100137,06/10/97,2016-04-22,2018-10-05,211.38
100137,06/10/97,2018-10-05,2019-04-28,208.24
100137,06/10/97,2019-04-28,2020-01-01,170.04
100137,06/10/97,2020-01-01,2021-01-08,226.12
100137,06/10/97,2021-01-08,2021-10-15,169.32
100137,06/10/97,2021-10-15,2023-07-13,214.26
100137,06/10/97,2023-07-13,2024-07-26,215.04
100137,06/10/97,2024-07-26,2024-11-01,188.18
100137,06/10/97,2024-11-01,2025-08-08,226.49
100137,06/10/97,2025-08-08,null,273.87
100161,18/05/04,2007-05-18,2009-03-27,61.56
100161,18/05/04,2009-03-27,2009-09-11,52.43
100161,18/05/04,2009-09-11,2010-03-26,54.66
100161,18/05/04,2010-03-26,2011-11-03,39.29
100161,18/05/04,2011-11-03,2014-09-12,57.03
100161,18/05/04,2014-09-12,2015-10-01,45.17
100161,18/05/04,2015-10-01,null,50.17
100218,07/10/05,2008-10-07,2009-02-20,46.8
100218,07/10/05,2009-02-20,2010-03-26,48.03
100218,07/10/05,2010-03-26,2011-09-08,46.79
100218,07/10/05,2011-09-08,2015-10-01,52.27
100218,07/10/05,2015-10-01,null,39.55
100226,15/12/16,2019-12-26,2020-03-27,55.42
100226,15/12/16,2020-03-27,2023-11-23,59.59
100226,15/12/16,2023-11-23,2023-11-30,61.59
100226,15/12/16,2023-11-30,2024-03-08,52.98
